-77.592,-78.899,-77.763,-74.125,-68.197,-60.391,-51.216,-41.16,-30.606,-19.798,-8.8747,2.0314,12.718,23.138,33.491,43.769,53.704,62.857,70.684,76.628,80.241,81.292,79.831,-68.655,-69.457,-68.311,-65.172,-60.168,-53.567,-45.718,-36.986,-27.689,-18.07,-8.3017,1.4802,11.164,20.697,30.061,39.163,47.774,55.556,62.119,67.087,70.176,71.245,70.336,-59.29,-59.68,-58.55,-55.864,-51.697,-46.216,-39.655,-32.272,-24.314,-15.993,-7.4788,1.0947,9.6197,18.011,26.182,34.002,41.277,47.757,53.174,57.285,59.913,60.977,60.508,-50.546,-50.639,-49.547,-47.243,-43.769,-39.233,-33.791,-27.624,-20.917,-13.845,-6.5586,0.81276,8.1574,15.373,22.35,28.959,35.037,40.403,44.872,48.287,50.536,51.572,51.418,-42.811,-42.703,-41.666,-39.678,-36.768,-33.004,-28.493,-23.364,-17.756,-11.808,-5.6487,0.60314,6.8388,12.953,18.839,24.376,29.435,33.881,37.586,40.444,42.382,43.372,43.434,-36.153,-35.914,-34.942,-33.221,-30.768,-27.631,-23.884,-19.622,-14.949,-9.9756,-4.809,0.44672,5.692,10.829,15.76,20.381,24.59,28.285,31.373,33.782,35.461,36.394,36.597,-30.503,-30.184,-29.283,-27.789,-25.711,-23.084,-19.963,-16.417,-12.528,-8.3807,-4.0653,0.33015,4.7185,9.0138,13.13,16.983,20.488,23.569,26.156,28.198,29.659,30.528,30.818,-25.744,-25.381,-24.554,-23.252,-21.485,-19.277,-16.669,-13.714,-10.475,-7.0205,-3.423,0.24352,3.9051,7.4884,10.921,14.133,17.058,19.635,21.812,23.55,24.824,25.627,25.966,-21.751,-21.37,-20.615,-19.48,-17.972,-16.109,-13.923,-11.455,-8.7538,-5.8748,-2.8768,0.17935,3.232,6.2198,9.083,11.764,14.21,16.372,18.21,19.696,20.809,21.544,21.907,-18.407,-18.023,-17.339,-16.349,-15.058,-13.481,-11.643,-9.5762,-7.3195,-4.9171,-2.4167,0.13195,2.678,5.171,7.5618,9.8035,11.853,13.673,15.231,16.504,17.477,18.146,18.515,-15.607,-15.233,-14.615,-13.75,-12.642,-11.303,-9.7534,-8.0181,-6.1285,-4.12,-2.0313,0.097031,2.2235,4.3067,6.3065,8.1849,9.9072,11.443,12.767,13.861,14.713,15.318,15.68,-13.262,-12.904,-12.348,-11.592,-10.639,-9.499,-8.1883,-6.7273,-5.1409,-3.4579,-1.7094,0.071397,1.8508,3.5951,5.2717,6.8495,8.3006,9.6005,10.729,11.671,12.417,12.962,13.311
-97.019,-99.379,-98.299,-93.705,-85.934,-75.654,-63.687,-50.811,-37.598,-24.363,-11.212,1.8274,14.695,27.441,40.338,53.413,66.316,78.396,88.803,96.66,101.27,102.28,99.761,-82.215,-83.578,-82.447,-78.77,-72.716,-64.643,-55.035,-44.407,-33.206,-21.746,-10.213,1.2958,12.728,24.08,35.356,46.438,57.013,66.608,74.676,80.716,84.36,85.436,83.987,-68.541,-69.24,-68.109,-65.108,-60.327,-53.965,-46.311,-37.695,-28.433,-18.791,-8.9615,0.92282,10.77,20.506,30.037,39.201,47.743,55.34,61.655,66.392,69.348,70.433,69.68,-56.833,-57.105,-56.008,-53.511,-49.663,-44.583,-38.45,-31.48,-23.894,-15.9,-7.6707,0.65438,8.9588,17.133,25.055,32.565,39.466,45.537,50.563,54.363,56.817,57.876,57.566,-47.085,-47.085,-46.043,-43.935,-40.788,-36.679,-31.723,-26.066,-19.868,-13.286,-6.4662,0.46024,7.3739,14.159,20.691,26.833,32.433,37.336,41.397,44.501,46.572,47.583,47.554,-39.054,-38.885,-37.91,-36.113,-33.508,-30.147,-26.11,-21.499,-16.43,-11.025,-5.4031,0.32035,6.0355,11.634,17.004,22.032,26.6,30.594,33.916,36.485,38.253,39.202,39.349,-32.462,-32.19,-31.29,-29.747,-27.571,-24.8,-21.488,-17.712,-13.557,-9.1192,-4.4944,0.2202,4.9291,9.5376,13.951,18.076,21.819,25.098,27.839,29.987,31.506,32.387,32.641,-27.052,-26.723,-25.899,-24.568,-22.739,-20.438,-17.706,-14.599,-11.185,-7.5364,-3.7318,0.14898,4.0258,7.8189,11.45,14.843,17.925,20.632,22.91,24.718,26.03,26.838,27.154,-22.608,-22.252,-21.503,-20.352,-18.806,-16.884,-14.619,-12.053,-9.2383,-6.2325,-3.0984,0.098719,3.293,6.4189,9.4121,12.211,14.759,17.006,18.91,20.439,21.575,22.312,22.657,-18.95,-18.587,-17.91,-16.912,-15.6,-13.988,-12.102,-9.9741,-7.6455,-5.1626,-2.5753,0.063544,2.7004,5.2817,7.7554,10.072,12.187,14.059,15.658,16.957,17.943,18.611,18.965,-15.932,-15.575,-14.966,-14.1,-12.982,-11.625,-10.047,-8.2761,-6.3434,-4.2861,-2.1444,0.039188,2.2213,4.3586,6.4091,8.3331,10.094,11.661,13.009,14.116,14.973,15.575,15.926,-13.437,-13.094,-12.548,-11.795,-10.84,-9.6921,-8.3678,-6.8879,-5.2782,-3.568,-1.7897,0.02256,1.8337,3.6088,5.3139,6.9171,8.3895,9.7057,10.845,11.793,12.539,13.079,13.417
-120.7,-124.18,-123.16,-117.57,-107.76,-94.518,-79.023,-62.512,-45.923,-29.716,-13.943,1.541,16.911,32.408,48.438,65.062,81.743,97.419,110.76,120.59,126.16,127.15,123.61,-96.507,-98.344,-97.226,-93.105,-86.129,-76.658,-65.253,-52.587,-39.286,-25.796,-12.337,1.0369,14.361,27.703,41.089,54.339,66.991,78.38,87.814,94.742,98.821,99.914,98.058,-77.372,-78.307,-77.179,-73.951,-68.695,-61.601,-52.972,-43.189,-32.647,-21.68,-10.522,0.68696,11.871,22.967,33.861,44.338,54.062,62.633,69.668,74.871,78.061,79.168,78.223,-62.384,-62.79,-61.697,-59.073,-54.96,-49.467,-42.774,-35.113,-26.739,-17.894,-8.7809,0.44385,9.6542,18.729,27.522,35.838,43.441,50.078,55.518,59.588,62.18,63.256,62.844,-50.6,-50.684,-49.649,-47.469,-44.167,-39.814,-34.524,-28.449,-21.761,-14.638,-7.2427,0.27664,7.7867,15.156,22.242,28.886,34.915,40.16,44.472,47.74,49.896,50.918,50.828,-41.269,-41.158,-40.193,-38.356,-35.661,-32.155,-27.916,-23.049,-17.677,-11.931,-5.9416,0.1632,6.2618,12.233,17.953,23.294,28.126,32.331,35.807,38.477,40.296,41.251,41.359,-33.832,-33.603,-32.715,-31.153,-28.928,-26.071,-22.639,-18.708,-14.368,-9.7196,-4.866,0.087448,5.0367,9.8781,14.508,18.825,22.731,26.138,28.973,31.181,32.729,33.61,33.836,-27.867,-27.571,-26.761,-25.426,-23.572,-21.224,-18.424,-15.227,-11.704,-7.9294,-3.9872,0.037803,4.0599,7.9935,11.755,15.262,18.44,21.223,23.555,25.396,26.722,27.526,27.82,-23.055,-22.726,-21.993,-20.846,-19.292,-17.349,-15.049,-12.436,-9.5607,-6.4847,-3.273,0.0060772,3.2831,6.4888,9.5554,12.419,15.02,17.307,19.238,20.783,21.923,22.652,22.979,-19.155,-18.815,-18.155,-17.167,-15.858,-14.241,-12.342,-10.193,-7.8367,-5.3196,-2.6937,-0.013453,2.6653,5.287,7.7974,10.146,12.285,14.175,15.784,17.086,18.068,18.726,19.065,-15.98,-15.643,-15.051,-14.199,-13.09,-11.738,-10.162,-8.3873,-6.4472,-4.3789,-2.2236,-0.024758,2.173,4.3252,6.3887,8.3228,10.091,11.66,13.006,14.109,14.958,15.548,15.884,-13.383,-13.059,-12.529,-11.792,-10.851,-9.7154,-8.4009,-6.9286,-5.3243,-3.6177,-1.8416,-0.030574,1.7797,3.5535,5.2566,6.8565,8.3238,9.6333,10.764,11.702,12.436,12.964,13.287
-142.86,-146.42,-145.35,-139.63,-129.23,-114.4,-96.031,-75.775,-55.342,-35.711,-17.006,1.1396,19.241,37.833,57.47,78.059,98.419,116.68,131.23,141.34,146.91,148.01,144.64,-108.25,-110.13,-108.99,-104.81,-97.598,-87.509,-74.957,-60.649,-45.416,-29.936,-14.557,0.67882,15.893,31.224,46.667,61.874,76.121,88.549,98.476,105.54,109.65,110.8,109.02,-83.958,-84.929,-83.801,-80.543,-75.173,-67.79,-58.622,-48.037,-36.482,-24.379,-12.038,0.37157,12.769,25.078,37.137,48.64,59.152,68.226,75.511,80.802,84.021,85.159,84.241,-66.152,-66.595,-65.513,-62.879,-58.707,-53.066,-46.098,-38.019,-29.096,-19.605,-9.7861,0.17323,10.124,19.92,29.375,38.252,46.275,53.181,58.762,62.89,65.504,66.594,66.185,-52.729,-52.849,-51.833,-49.656,-46.329,-41.902,-36.47,-30.174,-23.188,-15.702,-7.9003,0.049462,7.9935,15.779,23.238,30.191,36.449,41.84,46.231,49.533,51.701,52.724,52.627,-42.409,-42.332,-41.391,-39.567,-36.869,-33.333,-29.026,-24.048,-18.521,-12.58,-6.3683,-0.024701,6.3149,12.515,18.438,23.942,28.895,33.175,36.69,39.374,41.194,42.142,42.236,-34.363,-34.166,-33.304,-31.763,-29.549,-26.689,-23.235,-19.258,-14.847,-10.105,-5.1404,-0.066611,5.0045,9.9606,14.69,19.086,23.046,26.484,29.331,31.537,33.078,33.946,34.156,-28.022,-27.755,-26.973,-25.663,-23.83,-21.497,-18.701,-15.498,-11.953,-8.1459,-4.1612,-0.087941,3.9835,7.9627,11.761,15.295,18.488,21.274,23.599,25.428,26.738,27.527,27.803,-22.981,-22.68,-21.974,-20.855,-19.329,-17.411,-15.132,-12.534,-9.6677,-6.5946,-3.3808,-0.096397,3.1867,6.3968,9.4641,12.323,14.914,17.187,19.1,20.624,21.744,22.455,22.765,-18.946,-18.632,-17.998,-17.04,-15.762,-14.176,-12.307,-10.187,-7.8562,-5.3625,-2.7577,-0.096997,2.5628,5.165,7.6547,9.9804,12.096,13.961,15.543,16.821,17.781,18.418,18.739,-15.696,-15.383,-14.817,-13.995,-12.918,-11.6,-10.059,-8.3193,-6.4142,-4.3804,-2.2588,-0.092986,2.0722,4.192,6.2231,8.1249,9.8608,11.4,12.716,13.792,14.616,15.186,15.504,-13.065,-12.762,-12.258,-11.549,-10.64,-9.5388,-8.2609,-6.8267,-5.2615,-3.5945,-1.858,-0.086439,1.6846,3.4199,5.085,6.6479,8.0797,9.3557,10.456,11.365,12.075,12.582,12.888
-152.67,-154.76,-153.5,-148.94,-140.55,-127.61,-109.87,-88.216,-64.807,-41.862,-20.209,0.57313,21.391,43.108,66.173,89.59,110.9,128.01,140.27,148.15,152.48,153.83,152.13,-113.11,-114.41,-113.22,-109.52,-103.13,-93.822,-81.604,-66.907,-50.592,-33.626,-16.647,0.19028,17.035,34.025,50.985,67.228,81.739,93.673,102.67,108.84,112.44,113.7,112.6,-86.282,-87.024,-85.894,-82.868,-77.879,-70.875,-61.911,-51.229,-39.252,-26.478,-13.322,-0.03843,13.244,26.393,39.143,51.062,61.64,70.467,77.332,82.221,85.215,86.391,85.765,-67.094,-67.452,-66.392,-63.892,-59.926,-54.499,-47.672,-39.601,-30.531,-20.754,-10.553,-0.16204,10.226,20.418,30.174,39.207,47.221,53.98,59.344,63.268,65.764,66.86,66.577,-52.888,-52.987,-52.005,-49.921,-46.727,-42.442,-37.124,-30.882,-23.876,-16.298,-8.3484,-0.22027,7.9055,15.847,23.411,30.395,36.606,41.891,46.148,49.328,51.419,52.432,52.386,-42.126,-42.055,-41.154,-39.404,-36.806,-33.38,-29.176,-24.275,-18.79,-12.856,-6.6225,-0.23994,6.1409,12.369,18.294,23.766,28.651,32.839,36.254,38.851,40.612,41.538,41.649,-33.838,-33.66,-32.84,-31.364,-29.233,-26.468,-23.11,-19.22,-14.882,-10.198,-5.2769,-0.23786,4.8,9.7171,14.396,18.726,22.608,25.96,28.722,30.856,32.345,33.186,33.394,-27.379,-27.137,-26.396,-25.145,-23.387,-21.138,-18.433,-15.32,-11.862,-8.1358,-4.2263,-0.22424,3.777,7.6843,11.407,14.861,17.97,20.673,22.922,24.686,25.949,26.707,26.972,-22.295,-22.02,-21.355,-20.291,-18.831,-16.991,-14.797,-12.288,-9.5122,-6.5286,-3.4029,-0.20514,2.9921,6.1164,9.098,11.872,14.379,16.573,18.416,19.881,20.955,21.634,21.927,-18.263,-17.975,-17.38,-16.472,-15.255,-13.741,-11.95,-9.9149,-7.6725,-5.2687,-2.7544,-0.18406,2.3859,4.8993,7.3019,9.5433,11.578,13.369,14.887,16.109,17.025,17.631,17.933,-15.042,-14.755,-14.225,-13.448,-12.429,-11.175,-9.7063,-8.0456,-6.2233,-4.2752,-2.241,-0.16299,1.9148,3.9485,5.8959,7.7176,9.3785,10.849,12.104,13.129,13.912,14.451,14.749,-12.453,-12.175,-11.705,-11.039,-10.181,-9.1387,-7.9268,-6.5644,-5.0753,-3.4876,-1.8324,-0.14299,1.5463,3.2011,4.7884,6.2773,7.6401,8.8531,9.8974,10.759,11.431,11.908,12.195
-144.66,-144.47,-143.01,-140.35,-135.59,-127.21,-113.84,-95.025,-71.847,-47.1,-23.159,-0.22775,22.815,46.949,71.738,94.594,112.76,125.24,132.78,137.02,139.53,141.13,141.75,-108.65,-109,-107.75,-104.91,-100.13,-92.846,-82.585,-69.259,-53.403,-36.069,-18.269,-0.46021,17.379,35.231,52.562,68.294,81.356,91.256,98.189,102.75,105.53,106.89,106.79,-83.178,-83.506,-82.386,-79.803,-75.614,-69.614,-61.649,-51.748,-40.196,-27.488,-14.145,-0.5503,13.054,26.413,39.116,50.615,60.407,68.226,74.086,78.189,80.767,81.969,81.801,-64.59,-64.769,-63.75,-61.512,-57.998,-53.135,-46.892,-39.329,-30.624,-21.055,-10.936,-0.55793,9.8235,19.948,29.515,38.199,45.719,51.906,56.718,60.209,62.466,63.551,63.483,-50.722,-50.751,-49.822,-47.916,-45.01,-41.085,-36.153,-30.279,-23.586,-16.256,-8.4966,-0.52469,7.4488,15.211,22.541,29.227,35.087,40,43.913,46.824,48.757,49.74,49.792,-40.204,-40.114,-39.271,-37.657,-35.263,-32.092,-28.171,-23.556,-18.343,-12.657,-6.6475,-0.47417,5.7,11.711,17.398,22.611,27.223,31.143,34.317,36.725,38.367,39.255,39.404,-32.123,-31.952,-31.19,-29.824,-27.851,-25.283,-22.146,-18.49,-14.389,-9.9356,-5.2392,-0.41883,4.4021,9.0999,13.555,17.658,21.316,24.457,27.035,29.024,30.416,31.214,31.431,-25.851,-25.629,-24.945,-23.787,-22.158,-20.069,-17.545,-14.629,-11.377,-7.8592,-4.1588,-0.36486,3.4295,7.1311,10.65,13.905,16.825,19.355,21.455,23.1,24.279,24.992,25.25,-20.941,-20.691,-20.08,-19.097,-17.747,-16.04,-13.999,-11.657,-9.0599,-6.2612,-3.3236,-0.31511,2.6937,5.6322,8.4326,11.033,13.378,15.426,17.143,18.507,19.507,20.142,20.419,-17.068,-16.808,-16.263,-15.428,-14.304,-12.903,-11.243,-9.3515,-7.2635,-5.0214,-2.6731,-0.27065,2.1321,4.4811,6.7247,8.8151,10.71,12.376,13.786,14.92,15.77,16.334,16.615,-13.992,-13.733,-13.25,-12.537,-11.599,-10.443,-9.0859,-7.549,-5.8602,-4.0524,-2.1629,-0.23164,1.6998,3.59,5.399,7.0899,8.6301,9.9921,11.154,12.102,12.826,13.324,13.6,-11.534,-11.284,-10.856,-10.247,-9.4595,-8.5018,-7.3863,-6.1305,-4.7564,-3.2899,-1.76,-0.19778,1.3646,2.8951,4.3626,5.7384,6.9968,8.1163,9.0795,9.874,10.492,10.932,11.195
-122.65,-120.89,-119.41,-118.17,-116.51,-112.94,-105.5,-92.444,-73.239,-49.727,-25.223,-1.3363,22.7,47.426,70.883,89.81,102.41,109.08,111.98,113.4,114.69,116.36,118.41,-96.035,-95.546,-94.313,-92.323,-89.215,-84.339,-76.917,-66.343,-52.578,-36.398,-19.013,-1.2831,16.494,33.967,50.184,63.888,74.281,81.425,86.048,89.038,91.058,92.436,93.168,-74.953,-74.858,-73.787,-71.726,-68.502,-63.828,-57.396,-49.014,-38.748,-26.981,-14.276,-1.1502,11.996,24.748,36.552,46.815,55.144,61.485,66.076,69.271,71.377,72.564,72.842,-58.694,-58.668,-57.717,-55.824,-52.908,-48.849,-43.534,-36.922,-29.098,-20.288,-10.808,-0.99542,8.8282,18.335,27.173,35.011,41.617,46.914,50.961,53.891,55.836,56.883,57.044,-46.214,-46.152,-45.299,-43.64,-41.137,-37.744,-33.432,-28.215,-22.173,-15.458,-8.273,-0.84631,6.5866,13.788,20.523,26.581,31.809,36.13,39.536,42.069,43.781,44.711,44.876,-36.612,-36.493,-35.727,-34.302,-32.2,-29.411,-25.936,-21.809,-17.099,-11.917,-6.401,-0.71317,4.9784,10.504,15.701,20.425,24.567,28.058,30.87,33.004,34.476,35.304,35.502,-29.19,-29.02,-28.334,-27.12,-25.373,-23.093,-20.298,-17.021,-13.321,-9.2807,-5.0016,-0.59846,3.807,8.0928,12.143,15.855,19.146,21.959,24.26,26.038,27.291,28.027,28.257,-23.419,-23.215,-22.602,-21.572,-20.124,-18.263,-16.01,-13.396,-10.47,-7.2936,-3.9427,-0.50137,2.9415,6.2969,9.4804,12.416,15.042,17.31,19.19,20.665,21.727,22.379,22.63,-18.906,-18.683,-18.138,-17.264,-16.062,-14.542,-12.72,-10.625,-8.295,-5.7787,-3.1328,-0.41995,2.2939,4.943,7.4646,9.8018,11.907,13.741,15.278,16.501,17.4,17.977,18.236,-15.356,-15.126,-14.642,-13.9,-12.901,-11.654,-10.175,-8.4869,-6.6201,-4.6125,-2.5073,-0.35197,1.8042,3.9116,5.9232,7.7956,9.4916,10.981,12.241,13.256,14.019,14.527,14.786,-12.546,-12.318,-11.89,-11.258,-10.426,-9.3992,-8.1925,-6.8245,-5.3196,-3.7071,-2.0203,-0.29529,1.4302,3.1188,4.7342,6.2435,7.6176,8.8323,9.8691,10.715,11.363,11.81,12.06,-10.309,-10.089,-9.7109,-9.1723,-8.4753,-7.6266,-6.6373,-5.5227,-4.3021,-2.9986,-1.638,-0.24804,1.1423,2.5042,3.81,5.0339,6.1532,7.1489,8.0058,8.7131,9.2643,9.6574,9.8942
-96.112,-94.117,-92.794,-92.066,-91.606,-90.65,-87.828,-80.843,-67.487,-48.119,-25.619,-2.748,20.243,42.99,62.558,76.136,83.162,85.647,86.358,86.881,87.816,89.369,91.585,-78.722,-77.824,-76.7,-75.318,-73.413,-70.47,-65.737,-58.335,-47.678,-34.044,-18.514,-2.2267,14.124,29.808,43.619,54.415,61.858,66.526,69.413,71.358,72.87,74.18,75.303,-63.013,-62.632,-61.664,-60.092,-57.759,-54.387,-49.62,-43.126,-34.765,-24.739,-13.55,-1.788,10.01,21.291,31.43,39.888,46.437,51.224,54.617,57.007,58.685,59.804,60.377,-50.021,-49.833,-48.986,-47.465,-45.188,-42.019,-37.807,-32.438,-25.908,-18.365,-10.091,-1.4357,7.2397,15.566,23.179,29.777,35.2,39.454,42.668,45.009,46.622,47.593,47.934,-39.653,-39.512,-38.762,-37.39,-35.355,-32.599,-29.064,-24.727,-19.624,-13.868,-7.638,-1.1571,5.3353,11.596,17.396,22.545,26.926,30.504,33.309,35.405,36.855,37.704,37.964,-31.5,-31.352,-30.686,-29.489,-27.744,-25.428,-22.529,-19.057,-15.058,-10.619,-5.8621,-0.93704,3.9948,8.7703,13.237,17.268,20.774,23.71,26.069,27.867,29.128,29.873,30.114,-25.122,-24.955,-24.362,-23.335,-21.867,-19.954,-17.6,-14.828,-11.681,-8.2265,-4.5525,-0.76265,3.0313,6.7169,10.189,13.358,16.156,18.54,20.489,22,23.079,23.734,23.973,-20.136,-19.95,-19.424,-18.55,-17.326,-15.756,-13.851,-11.635,-9.1468,-6.4372,-3.5714,-0.62373,2.3265,5.1998,7.9213,10.426,12.661,14.589,16.188,17.446,18.361,18.936,19.177,-16.228,-16.032,-15.566,-14.824,-13.807,-12.521,-10.978,-9.202,-7.223,-5.0817,-2.8267,-0.51244,1.8035,4.0635,6.213,8.2033,9.994,11.554,12.863,13.907,14.681,15.185,15.424,-13.154,-12.956,-12.543,-11.914,-11.068,-10.013,-8.7609,-7.3307,-5.7478,-4.0437,-2.2551,-0.42276,1.4107,3.2028,4.9127,6.5038,7.9448,9.2107,10.283,11.15,11.805,12.246,12.478,-10.724,-10.529,-10.166,-9.6307,-8.926,-8.058,-7.0376,-5.8804,-4.6068,-3.2413,-1.8121,-0.35011,1.1127,2.5444,3.9141,5.1938,6.3592,7.3901,8.2714,8.9924,9.547,9.9335,10.154,-8.7937,-8.607,-8.2866,-7.8309,-7.2418,-6.525,-5.6895,-4.7482,-3.7172,-2.6159,-1.4659,-0.29093,0.88465,2.0364,3.1409,4.1764,5.1239,5.9675,6.6946,7.2963,7.7671,8.1053,8.3121
-70.607,-68.944,-67.875,-67.323,-67.137,-67.019,-66.322,-63.421,-55.615,-41.79,-23.714,-4.2388,15.345,33.851,48.379,56.966,60.336,61.2,61.507,61.982,62.853,64.209,66.107,-59.761,-58.824,-57.885,-56.908,-55.73,-54.024,-51.246,-46.586,-39.224,-28.978,-16.577,-3.1448,10.379,23.043,33.664,41.409,46.354,49.313,51.178,52.548,53.745,54.914,56.079,-48.938,-48.448,-47.634,-46.48,-44.869,-42.584,-39.318,-34.721,-28.544,-20.817,-11.909,-2.3729,7.2166,16.271,24.202,30.591,35.368,38.778,41.196,42.953,44.274,45.273,45.964,-39.407,-39.134,-38.425,-37.27,-35.6,-33.296,-30.211,-26.209,-21.228,-15.343,-8.7707,-1.8224,5.1551,11.808,17.806,22.911,27.031,30.223,32.632,34.417,35.703,36.559,36.997,-31.5,-31.314,-30.692,-29.627,-28.082,-26.001,-23.322,-20.003,-16.048,-11.53,-6.5911,-1.4211,3.765,8.7491,13.332,17.362,20.758,23.515,25.677,27.312,28.48,29.218,29.537,-25.136,-24.975,-24.427,-23.486,-22.134,-20.349,-18.111,-15.417,-12.292,-8.7988,-5.0342,-1.1223,2.7986,6.589,10.121,13.292,16.038,18.332,20.179,21.6,22.622,23.261,23.526,-20.09,-19.93,-19.446,-18.633,-17.484,-15.991,-14.155,-11.988,-9.5196,-6.799,-3.8963,-0.89576,2.1101,5.0281,7.7723,10.271,12.474,14.35,15.889,17.092,17.967,18.521,18.762,-16.113,-15.949,-15.523,-14.828,-13.864,-12.632,-11.138,-9.3994,-7.4435,-5.3097,-3.0492,-0.72128,1.6099,3.8799,6.0287,8.0047,9.7679,11.291,12.558,13.563,14.305,14.787,15.013,-12.984,-12.818,-12.442,-11.852,-11.048,-10.036,-8.823,-7.4268,-5.8705,-4.1853,-2.4092,-0.58518,1.2409,3.0231,4.7183,6.2883,7.702,8.9361,9.9751,10.81,11.437,11.856,12.069,-10.519,-10.355,-10.023,-9.5225,-8.8536,-8.0217,-7.0362,-5.9114,-4.6667,-3.3266,-1.9197,-0.47784,0.96536,2.3764,3.7234,4.9777,6.1151,7.1166,7.9682,8.661,9.19,9.5541,9.7554,-8.57,-8.4108,-8.1192,-7.6939,-7.1365,-6.4518,-5.6484,-4.7383,-3.7372,-2.6643,-1.5413,-0.39237,0.75751,1.8833,2.9611,3.9692,4.8886,5.704,6.4036,6.9793,7.4263,7.743,7.9308,-7.0225,-6.871,-6.6148,-6.2529,-5.787,-5.2216,-4.5638,-3.8237,-3.0137,-2.1489,-1.2462,-0.32376,0.59934,1.5041,2.3724,3.1875,3.9346,4.6014,5.1782,5.6581,6.0367,6.3124,6.486
-47.049,-45.845,-45.058,-44.635,-44.507,-44.559,-44.516,-43.546,-39.727,-31.436,-19.314,-5.4247,8.6711,21.508,30.902,35.822,37.553,38.14,38.572,39.154,39.983,41.111,42.584,-40.651,-39.875,-39.165,-38.493,-37.766,-36.805,-35.285,-32.656,-28.226,-21.632,-13.224,-3.8347,5.6826,14.459,21.584,26.565,29.657,31.547,32.833,33.868,34.833,35.813,36.831,-33.859,-33.397,-32.774,-31.98,-30.939,-29.513,-27.49,-24.605,-20.621,-15.483,-9.406,-2.795,3.883,10.148,15.554,19.83,22.987,25.25,26.898,28.155,29.164,29.999,30.672,-27.598,-27.315,-26.773,-25.967,-24.849,-23.337,-21.321,-18.689,-15.372,-11.394,-6.8925,-2.0927,2.7418,7.3402,11.459,14.937,17.73,19.901,21.565,22.837,23.804,24.512,24.968,-22.242,-22.047,-21.574,-20.821,-19.763,-18.357,-16.556,-14.32,-11.641,-8.5588,-5.1673,-1.6009,1.9837,5.4269,8.5856,11.356,13.69,15.592,17.102,18.272,19.145,19.746,20.08,-17.843,-17.685,-17.272,-16.602,-15.662,-14.436,-12.906,-11.066,-8.9293,-6.5332,-3.9433,-1.2459,1.4615,4.0798,6.5192,8.7102,10.611,12.207,13.507,14.528,15.288,15.8,16.067,-14.31,-14.166,-13.805,-13.223,-12.417,-11.381,-10.115,-8.623,-6.9246,-5.0522,-3.0523,-0.98295,1.092,3.1081,5.0061,6.7374,8.2684,9.5805,10.668,11.534,12.183,12.62,12.848,-11.504,-11.367,-11.05,-10.552,-9.8725,-9.012,-7.9752,-6.7726,-5.4221,-3.95,-2.3906,-0.78427,0.82539,2.3945,3.8822,5.2538,6.4826,7.5508,8.4487,9.1723,9.721,10.096,10.298,-9.2861,-9.1529,-8.8753,-8.4519,-7.8837,-7.1739,-6.3291,-5.3601,-4.2828,-3.118,-1.8913,-0.63161,0.63011,1.8629,3.0377,4.129,5.1159,5.9831,6.7203,7.3212,7.7831,8.1051,8.2882,-7.5334,-7.4053,-7.162,-6.8026,-6.3288,-5.7444,-5.056,-4.2736,-3.4103,-2.4825,-1.5095,-0.51267,0.48546,1.4624,2.3969,3.2699,4.065,4.7696,5.3743,5.8727,6.2612,6.5385,6.7051,-6.1457,-6.0239,-5.8106,-5.5054,-5.11,-4.6282,-4.0659,-3.4317,-2.736,-1.992,-1.2143,-0.41891,0.37733,1.1578,1.9065,2.6089,3.2524,3.8267,4.3236,4.7376,5.0651,5.3044,5.4558,-5.0428,-4.9284,-4.7414,-4.4817,-4.1509,-3.7524,-3.2913,-2.7745,-2.2107,-1.61,-0.98381,-0.34427,0.29589,0.92405,1.5281,2.0968,2.6204,3.0905,3.5005,3.8454,4.1222,4.3292,4.4665
-24.942,-24.207,-23.708,-23.415,-23.297,-23.312,-23.355,-23.104,-21.711,-18.21,-12.661,-5.9628,1.0411,7.4667,12.161,14.678,15.814,16.502,17.121,17.786,18.544,19.426,20.463,-21.813,-21.288,-20.826,-20.411,-20.001,-19.519,-18.819,-17.649,-15.664,-12.628,-8.6538,-4.1167,0.56009,4.9255,8.5085,11.07,12.761,13.92,14.815,15.6,16.353,17.115,17.9,-18.385,-18.032,-17.621,-17.148,-16.577,-15.843,-14.849,-13.464,-11.564,-9.1055,-6.1756,-2.9591,0.32311,3.437,6.1601,8.3579,10.038,11.311,12.31,13.135,13.852,14.493,15.063,-15.137,-14.897,-14.54,-14.064,-13.449,-12.657,-11.634,-10.326,-8.6953,-6.7493,-4.5483,-2.194,0.19227,2.4836,4.563,6.3509,7.8257,9.0174,9.9803,10.768,11.418,11.951,12.367,-12.301,-12.127,-11.818,-11.375,-10.79,-10.043,-9.1115,-7.9779,-6.6372,-5.1071,-3.43,-1.6662,0.11368,1.8368,3.4365,4.8632,6.0931,7.1279,7.9858,8.6895,9.2576,9.6998,10.014,-9.9385,-9.7993,-9.5325,-9.1396,-8.6172,-7.959,-7.1585,-6.2135,-5.1305,-3.9275,-2.6343,-1.2894,0.063994,1.3815,2.6222,3.7538,4.7562,5.622,6.3537,6.9584,7.4427,7.8099,8.058,-8.0209,-7.9016,-7.671,-7.3308,-6.881,-6.3212,-5.6524,-4.8787,-4.0095,-3.0605,-2.053,-1.0128,0.031911,1.0527,2.0231,2.9209,3.73,4.4414,5.0513,5.5594,5.9667,6.2729,6.4762,-6.4866,-6.3795,-6.18,-5.8893,-5.509,-5.0413,-4.49,-3.8612,-3.1642,-2.4117,-1.6194,-0.80537,0.011264,0.81122,1.5764,2.291,2.9427,3.5226,4.0254,4.4478,4.7881,5.0447,5.2161,-5.2666,-5.1686,-4.9956,-4.7487,-4.4299,-4.0422,-3.5901,-3.0798,-2.5194,-1.919,-1.2905,-0.64687,-0.0016762,0.63148,1.2397,1.8115,2.3372,2.8092,3.222,3.5717,3.8556,4.0719,4.2191,-4.2981,-4.2079,-4.0576,-3.8481,-3.5814,-3.2606,-2.89,-2.475,-2.0225,-1.5403,-1.0376,-0.52397,-0.009341,0.49636,0.98366,1.4439,1.8696,2.2545,2.5936,2.8832,3.1206,3.3038,3.4317,-3.5279,-3.4449,-3.314,-3.1361,-2.9128,-2.647,-2.3423,-2.0035,-1.636,-1.2462,-0.84089,-0.42747,-0.013394,0.39391,0.78733,1.1603,1.5068,1.8219,2.1013,2.3419,2.5409,2.6969,2.8089,-2.9134,-2.8372,-2.723,-2.5713,-2.3838,-2.1628,-1.9113,-1.6332,-1.333,-1.0155,-0.68629,-0.35088,-0.015002,0.31566,0.63565,0.93985,1.2236,1.4829,1.7143,1.9149,2.0826,2.2161,2.3145
-3.5739,-3.2969,-3.0792,-2.9118,-2.7855,-2.6903,-2.6182,-2.5878,-2.7304,-3.282,-4.3048,-5.5904,-6.6356,-7.0233,-6.735,-6.0203,-5.1744,-4.3489,-3.5799,-2.8678,-2.2044,-1.5781,-0.97461,-3.1924,-2.9467,-2.7338,-2.5506,-2.3936,-2.2623,-2.167,-2.143,-2.263,-2.6071,-3.1852,-3.8849,-4.4911,-4.8097,-4.7818,-4.477,-4.0133,-3.4826,-2.9327,-2.3844,-1.846,-1.3194,-0.80195,-2.7777,-2.5704,-2.3769,-2.1997,-2.041,-1.9071,-1.8127,-1.7856,-1.8634,-2.0751,-2.4129,-2.8136,-3.1736,-3.3961,-3.4353,-3.3031,-3.0436,-2.7034,-2.3163,-1.9041,-1.4798,-1.0516,-0.624,-2.3796,-2.2092,-2.0417,-1.8827,-1.7378,-1.6156,-1.5296,-1.498,-1.5402,-1.6659,-1.8644,-2.0988,-2.3144,-2.4593,-2.5024,-2.439,-2.2838,-2.0585,-1.7833,-1.4747,-1.1451,-0.80418,-0.45969,-2.0238,-1.8853,-1.7445,-1.6079,-1.4823,-1.3761,-1.2997,-1.2647,-1.2809,-1.3508,-1.465,-1.6012,-1.7287,-1.8173,-1.8464,-1.8082,-1.7059,-1.5488,-1.3482,-1.1154,-0.86038,-0.59202,-0.31856,-1.7184,-1.6062,-1.4897,-1.375,-1.2688,-1.1782,-1.1107,-1.0737,-1.0721,-1.1058,-1.1676,-1.2436,-1.3154,-1.3647,-1.3777,-1.3471,-1.272,-1.156,-1.0054,-0.82731,-0.62929,-0.41877,-0.20313,-1.462,-1.3708,-1.2748,-1.1796,-1.0906,-1.0134,-0.95369,-0.91593,-0.90264,-0.91292,-0.94164,-0.97975,-1.0158,-1.0382,-1.0376,-1.0082,-0.94783,-0.85764,-0.74094,-0.60238,-0.44741,-0.28189,-0.11191,-1.2489,-1.1742,-1.0951,-1.016,-0.94132,-0.87542,-0.82222,-0.78466,-0.76405,-0.75938,-0.76701,-0.781,-0.79393,-0.79826,-0.78757,-0.75743,-0.70573,-0.63249,-0.53948,-0.42974,-0.30716,-0.1762,-0.04167,-1.0723,-1.0106,-0.94492,-0.87885,-0.81582,-0.75907,-0.71139,-0.67475,-0.64984,-0.63579,-0.63007,-0.62867,-0.62671,-0.61913,-0.60151,-0.5706,-0.52458,-0.46312,-0.38716,-0.29869,-0.20052,-0.095965,0.011271,-0.92567,-0.87408,-0.81912,-0.76347,-0.70976,-0.66043,-0.61747,-0.58221,-0.55507,-0.53536,-0.52132,-0.51024,-0.49882,-0.48364,-0.46164,-0.43044,-0.38864,-0.33581,-0.27247,-0.19996,-0.12029,-0.035915,0.050361,-0.80344,-0.75982,-0.7133,-0.66593,-0.6197,-0.57641,-0.53751,-0.50394,-0.47595,-0.45305,-0.43403,-0.41702,-0.39979,-0.38,-0.35551,-0.32462,-0.28627,-0.24007,-0.18634,-0.12599,-0.060453,0.008432,0.07858,-0.70097,-0.66365,-0.62383,-0.58306,-0.54285,-0.50453,-0.46917,-0.43744,-0.40953,-0.3851,-0.36331,-0.34288,-0.3223,-0.29994,-0.27432,-0.24423,-0.2089,-0.16802,-0.12178,-0.070837,-0.016224,0.040703,0.098384
17.76,17.59,17.539,17.6,17.766,18.023,18.289,18.202,16.652,12.239,4.8723,-4.2936,-13.471,-20.882,-25.23,-26.498,-26.064,-25.174,-24.292,-23.547,-22.982,-22.61,-22.438,15.431,15.403,15.378,15.348,15.281,15.103,14.649,13.593,11.442,7.8004,2.7445,-3.1538,-9.058,-14.126,-17.749,-19.799,-20.647,-20.807,-20.642,-20.352,-20.039,-19.752,-19.503,12.857,12.923,12.908,12.802,12.569,12.132,11.36,10.066,8.0497,5.2056,1.6315,-2.3687,-6.3727,-9.955,-12.798,-14.781,-15.991,-16.625,-16.88,-16.901,-16.781,-16.573,-16.292,10.417,10.521,10.504,10.356,10.044,9.5128,8.6814,7.4569,5.7626,3.5838,1.001,-1.8127,-4.6295,-7.2198,-9.4038,-11.09,-12.281,-13.047,-13.48,-13.665,-13.668,-13.526,-13.259,8.2955,8.3995,8.3758,8.2127,7.8864,7.3614,6.5939,5.5413,4.1791,2.5192,0.62161,-1.4094,-3.443,-5.3472,-7.0139,-8.3767,-9.4164,-10.152,-10.621,-10.87,-10.937,-10.849,-10.622,6.5402,6.6267,6.5954,6.4353,6.1301,5.6588,4.9993,4.1344,3.0606,1.7958,0.38338,-1.1106,-2.6066,-4.0243,-5.2953,-6.3723,-7.2324,-7.8749,-8.3136,-8.5696,-8.6643,-8.616,-8.4375,5.1302,5.1942,5.1571,5.0095,4.7405,4.3381,3.7922,3.0975,2.2584,1.2919,0.22959,-0.88505,-2.0012,-3.0676,-4.039,-4.8814,-5.5745,-6.1106,-6.4923,-6.7285,-6.8305,-6.8099,-6.6772,4.0164,4.0595,4.0192,3.888,3.6587,3.3246,2.8817,2.33,1.6762,0.93484,0.12882,-0.71213,-1.5542,-2.3632,-3.1082,-3.7646,-4.3156,-4.7522,-5.0724,-5.2788,-5.3773,-5.3753,-5.2808,3.1446,3.1707,3.1296,3.0156,2.8238,2.5507,2.1951,1.7592,1.2498,0.67865,0.062506,-0.57771,-1.2187,-1.8369,-2.4107,-2.9219,-3.3572,-3.7084,-3.9716,-4.1468,-4.2369,-4.2465,-4.1817,2.465,2.4784,2.4385,2.3408,2.1821,1.9607,1.6766,1.3329,0.93528,0.49322,0.019125,-0.47199,-0.96363,-1.4391,-1.8829,-2.2816,-2.6248,-2.9055,-3.1195,-3.2658,-3.3456,-3.3619,-3.3192,1.9358,1.9403,1.9028,1.8199,1.6895,1.5106,1.2842,1.0129,0.70183,0.35815,-0.0087686,-0.38797,-0.76752,-1.1354,-1.4802,-1.7919,-2.0625,-2.2862,-2.4593,-2.5804,-2.6498,-2.6694,-2.6425,1.5233,1.5221,1.4877,1.4178,1.3109,1.1668,0.98624,0.77187,0.52769,0.25935,-0.026124,-0.32059,-0.61529,-0.90136,-1.1704,-1.4148,-1.6285,-1.8068,-1.9465,-2.0461,-2.1057,-2.1263,-2.1105
39.762,39.152,38.852,38.841,39.097,39.563,40.003,39.518,35.901,27.173,13.696,-2.4562,-18.813,-33.035,-42.67,-46.885,-47.452,-46.723,-45.782,-44.997,-44.512,-44.383,-44.64,34.285,34.024,33.783,33.549,33.252,32.724,31.617,29.289,24.89,17.891,8.5761,-2.077,-12.831,-22.446,-29.851,-34.599,-37.1,-38.184,-38.533,-38.56,-38.492,-38.436,-38.424,28.426,28.391,28.188,27.802,27.16,26.111,24.407,21.716,17.717,12.289,5.6472,-1.6982,-9.0933,-15.878,-21.508,-25.705,-28.531,-30.275,-31.27,-31.783,-31.993,-32.001,-31.833,23.005,23.071,22.886,22.434,21.657,20.454,18.683,16.191,12.863,8.7004,3.8577,-1.3751,-6.6343,-11.552,-15.823,-19.266,-21.85,-23.666,-24.859,-25.575,-25.925,-25.982,-25.77,18.364,18.452,18.276,17.819,17.042,15.885,14.277,12.153,9.4814,6.2958,2.7057,-1.113,-4.9468,-8.5795,-11.828,-14.568,-16.751,-18.395,-19.555,-20.301,-20.698,-20.789,-20.597,14.561,14.632,14.462,14.034,13.325,12.3,10.928,9.1855,7.0738,4.6306,1.934,-0.90377,-3.7505,-6.4726,-8.9533,-11.107,-12.888,-14.285,-15.315,-16.009,-16.398,-16.511,-16.365,11.518,11.561,11.398,11.015,10.397,9.5269,8.3924,6.9893,5.3302,3.4488,1.4014,-0.7372,-2.8814,-4.9446,-6.8493,-8.535,-9.9625,-11.114,-11.988,-12.597,-12.954,-13.078,-12.981,9.1161,9.1309,8.9762,8.6416,8.1173,7.3954,6.4724,5.3524,4.0505,2.5947,1.0259,-0.60428,-2.238,-3.8168,-5.2876,-6.6065,-7.7422,-8.6763,-9.4014,-9.9191,-10.236,-10.362,-10.308,7.231,7.2234,7.0796,6.7914,6.3528,5.7605,5.0154,4.1242,3.1011,1.9685,0.75666,-0.49771,-1.7544,-2.9727,-4.115,-5.1492,-6.0506,-6.8028,-7.397,-7.8306,-8.1058,-8.2284,-8.2067,5.7545,5.7311,5.5994,5.3533,4.989,4.5057,3.9058,3.1966,2.3902,1.5042,0.56138,-0.41179,-1.3865,-2.3336,-3.2259,-4.0396,-4.7555,-5.3598,-5.8441,-6.2043,-6.4406,-6.5565,-6.5578,4.5972,4.5638,4.4447,4.2355,3.934,3.5402,3.0573,2.4917,1.8537,1.1569,0.41841,-0.34212,-1.1037,-1.845,-2.546,-3.1889,-3.7588,-4.2445,-4.6384,-4.9367,-5.1384,-5.2454,-5.2621,3.688,3.6491,3.5426,3.3652,3.1157,2.7948,2.4053,1.953,1.446,0.89496,0.31299,-0.2853,-0.88428,-1.4682,-2.022,-2.5322,-2.9874,-3.3785,-3.6993,-3.9461,-4.1175,-4.2148,-4.241
63.142,62.115,61.591,61.547,61.929,62.568,62.855,60.953,53.826,40.037,20.914,-0.61399,-22.28,-42.358,-57.796,-66.528,-69.496,-69.592,-68.784,-67.973,-67.543,-67.635,-68.296,53.463,53.059,52.638,52.19,51.587,50.53,48.431,44.34,37.252,26.815,13.675,-0.88911,-15.583,-29.17,-40.343,-48.241,-52.993,-55.473,-56.619,-57.102,-57.325,-57.482,-57.619,43.698,43.648,43.289,42.607,41.488,39.703,36.896,32.633,26.567,18.66,9.2799,-0.91889,-11.193,-20.804,-29.077,-35.567,-40.215,-43.292,-45.202,-46.316,-46.901,-47.11,-46.98,35.044,35.13,34.802,34.041,32.767,30.84,28.075,24.285,19.362,13.353,6.4917,-0.84956,-8.2336,-15.221,-21.426,-26.582,-30.597,-33.538,-35.567,-36.867,-37.591,-37.833,-37.63,27.845,27.949,27.639,26.894,25.662,23.867,21.422,18.254,14.345,9.7579,4.6503,-0.74907,-6.1733,-11.353,-16.051,-20.095,-23.396,-25.953,-27.821,-29.081,-29.814,-30.075,-29.895,22.05,22.123,21.827,21.143,20.04,18.477,16.419,13.844,10.767,7.2465,3.3928,-0.64574,-4.6992,-8.5958,-12.182,-15.34,-17.996,-20.125,-21.737,-22.865,-23.545,-23.811,-23.687,17.462,17.492,17.213,16.607,15.656,14.341,12.651,10.585,8.1682,5.4507,2.5111,-0.55051,-3.6213,-6.5874,-9.3455,-11.812,-13.928,-15.665,-17.013,-17.981,-18.586,-18.847,-18.782,13.859,13.851,13.59,13.064,12.261,11.174,9.8017,8.1534,6.2537,4.1434,1.8799,-0.46683,-2.8194,-5.0997,-7.2356,-9.1667,-10.848,-12.25,-13.359,-14.174,-14.7,-14.948,-14.932,11.038,11,10.76,10.308,9.6378,8.7465,7.638,6.3241,4.8266,3.1781,1.4208,-0.39497,-2.2145,-3.9827,-5.6479,-7.1658,-8.501,-9.6291,-10.535,-11.214,-11.665,-11.896,-11.917,8.8275,8.7696,8.5516,8.1661,7.609,6.8806,5.9862,4.9374,3.7525,2.4569,1.0825,-0.33399,-1.753,-3.1346,-4.4412,-5.6397,-6.7027,-7.6101,-8.3484,-8.9109,-9.2961,-9.5075,-9.5523,7.092,7.0224,6.8264,6.4983,6.0361,5.441,4.7185,3.8789,2.9371,1.913,0.83065,-0.28252,-1.3974,-2.4846,-3.5162,-4.4671,-5.3163,-6.0476,-6.6494,-7.1151,-7.4427,-7.6337,-7.6934,5.7247,5.6497,5.4747,5.196,4.8123,4.3254,3.7403,3.0656,2.3134,1.4993,0.64154,-0.23919,-1.1211,-1.9822,-2.8014,-3.5598,-4.2411,-4.8322,-5.3237,-5.7097,-5.9878,-6.1588,-6.2263
88.458,87.127,86.426,86.346,86.734,87.091,85.977,80.551,68.254,49.083,25.506,0.84631,-23.698,-47.77,-68.692,-83.311,-90.958,-93.552,-93.609,-93.012,-92.689,-92.967,-93.902,72.643,72.29,71.746,71.012,69.881,67.865,64.119,57.546,47.345,33.629,17.455,0.18776,-17.156,-33.706,-48.235,-59.546,-67.243,-71.852,-74.33,-75.577,-76.215,-76.557,-76.656,58.13,58.2,57.73,56.707,54.979,52.246,48.082,42.048,33.897,23.768,12.183,-0.15557,-12.564,-24.385,-34.941,-43.66,-50.291,-54.957,-58.024,-59.907,-60.942,-61.33,-61.116,46.025,46.205,45.767,44.686,42.866,40.145,36.324,31.234,24.818,17.203,8.6906,-0.30869,-9.3543,-18.01,-25.864,-32.591,-38.013,-42.131,-45.072,-47.019,-48.141,-48.553,-48.294,36.324,36.482,36.061,35.035,33.347,30.914,27.651,23.502,18.479,12.686,6.32,-0.3615,-7.072,-13.525,-19.458,-24.66,-29.003,-32.446,-35.021,-36.802,-37.87,-38.287,-38.087,28.687,28.781,28.377,27.453,25.974,23.902,21.204,17.873,13.942,9.4964,4.6705,-0.36405,-5.4168,-10.296,-14.827,-18.866,-22.314,-25.123,-27.288,-28.832,-29.791,-30.199,-30.083,22.719,22.746,22.364,21.554,20.295,18.571,16.374,13.716,10.635,7.1962,3.4976,-0.34283,-4.1948,-7.9273,-11.419,-14.568,-17.299,-19.567,-21.352,-22.656,-23.492,-23.88,-23.841,18.063,18.036,17.68,16.98,15.924,14.506,12.729,10.612,8.1876,5.5096,2.6485,-0.31164,-3.2793,-6.1622,-8.8745,-11.342,-13.507,-15.33,-16.789,-17.876,-18.595,-18.957,-18.976,14.427,14.362,14.035,13.435,12.554,11.394,9.9599,8.2707,6.3556,4.256,2.0246,-0.27758,-2.5847,-4.8305,-6.9526,-8.8962,-10.617,-12.082,-13.27,-14.172,-14.785,-15.117,-15.178,11.579,11.489,11.192,10.68,9.9486,8.9996,7.8414,6.4902,4.9702,3.3138,1.5606,-0.2442,-2.0523,-3.8152,-5.4868,-7.026,-8.3984,-9.5777,-10.546,-11.292,-11.814,-12.115,-12.201,9.3401,9.2365,8.9697,8.5333,7.9253,7.1485,6.2108,5.1259,3.9135,2.5987,1.2119,-0.21315,-1.6405,-3.034,-4.3591,-5.5847,-6.6842,-7.6366,-8.4267,-9.0453,-9.4886,-9.7579,-9.8593,7.5719,7.4627,7.2246,6.8531,6.3472,5.7098,4.948,4.0733,3.1013,2.0516,0.94763,-0.18509,-1.3194,-2.4281,-3.4849,-4.4662,-5.3511,-6.1232,-6.77,-7.2835,-7.66,-7.8999,-8.0075
115.16,114.02,113.25,112.91,112.55,110.96,105.84,94.671,76.549,52.906,27.114,1.7828,-23.215,-48.703,-73.355,-93.769,-107.75,-115.4,-118.42,-119.19,-119.41,-119.83,-120.5,90.54,90.591,90.01,88.816,86.702,83.008,76.789,67.164,53.867,37.561,19.554,1.0104,-17.519,-35.662,-52.559,-66.938,-77.896,-85.352,-89.915,-92.475,-93.789,-94.283,-94.014,70.677,71.041,70.513,69.08,66.564,62.637,56.898,49.032,39.002,27.153,14.102,0.49224,-13.157,-26.37,-38.583,-49.183,-57.735,-64.134,-68.58,-71.424,-73.007,-73.547,-73.099,55.224,55.578,55.062,53.649,51.24,47.679,42.8,36.5,28.817,19.963,10.285,0.18263,-9.9572,-19.757,-28.837,-36.843,-43.523,-48.779,-52.655,-55.287,-56.826,-57.385,-57.009,43.317,43.563,43.054,41.762,39.631,36.588,32.572,27.565,21.623,14.895,7.6025,0.0075214,-7.6145,-14.991,-21.86,-27.995,-33.226,-37.466,-40.706,-42.987,-44.376,-44.93,-44.687,34.146,34.274,33.781,32.639,30.818,28.286,25.027,21.055,16.429,11.257,5.6912,-0.086475,-5.8826,-11.503,-16.766,-21.512,-25.622,-29.021,-31.679,-33.602,-34.814,-35.347,-35.23,27.062,27.092,26.623,25.632,24.101,22.02,19.39,16.237,12.613,8.6001,4.3089,-0.13277,-4.5868,-8.9147,-12.986,-16.687,-19.928,-22.648,-24.813,-26.413,-27.455,-27.956,-27.938,21.566,21.524,21.085,20.233,18.956,17.253,15.134,12.625,9.7701,6.6332,3.295,-0.15141,-3.6061,-6.9689,-10.145,-13.051,-15.618,-17.796,-19.556,-20.88,-21.77,-22.232,-22.285,17.28,17.19,16.787,16.057,14.995,13.604,11.894,9.8902,7.6289,5.1593,2.542,-0.15434,-2.8563,-5.4903,-7.9863,-10.282,-12.325,-14.075,-15.505,-16.601,-17.357,-17.779,-17.878,13.921,13.802,13.435,12.812,11.929,10.791,9.4076,7.801,6.0001,4.0434,1.9766,-0.14862,-2.2778,-4.356,-6.331,-8.1553,-9.7889,-11.2,-12.366,-13.273,-13.915,-14.295,-14.423,11.275,11.14,10.809,10.278,9.5429,8.609,7.4866,6.1926,4.7508,3.1909,1.5482,-0.13842,-1.8278,-3.4786,-5.0512,-6.5095,-7.8224,-8.9647,-9.9179,-10.67,-11.216,-11.556,-11.697,9.1785,9.0374,8.7425,8.2888,7.6757,6.9074,5.9927,4.9457,3.7852,2.5346,1.2208,-0.12623,-1.4752,-2.7947,-4.0545,-5.2267,-6.2872,-7.2161,-7.9984,-8.6242,-9.0884,-9.391,-9.5366
138.62,138.97,138.38,136.99,134.04,127.95,116.85,99.667,77.005,51.495,26.234,2.246,-21.347,-45.768,-71.061,-95.002,-114.57,-128.31,-136.57,-140.81,-142.69,-143.21,-142.42,104.34,105.24,104.72,102.82,99.173,93.159,84.077,71.573,55.993,38.386,19.984,1.5341,-16.826,-35.107,-52.896,-69.181,-82.828,-93.19,-100.31,-104.7,-107,-107.62,-106.62,79.804,80.608,80.07,78.169,74.738,69.51,62.225,52.794,41.422,28.606,14.954,0.96943,-13.016,-26.722,-39.747,-51.546,-61.588,-69.549,-75.388,-79.278,-81.465,-82.134,-81.343,61.803,62.373,61.808,60.073,57.085,52.73,46.919,39.655,31.081,21.475,11.192,0.57955,-10.054,-20.414,-30.186,-39.03,-46.648,-52.845,-57.561,-60.841,-62.778,-63.461,-62.938,48.346,48.689,48.114,46.586,44.06,40.49,35.856,30.191,23.603,16.273,8.4315,0.32506,-7.8017,-15.709,-23.158,-29.921,-35.803,-40.673,-44.467,-47.184,-48.855,-49.525,-49.233,38.138,38.302,37.736,36.411,34.302,31.392,27.689,23.234,18.11,12.448,6.4058,0.16354,-6.0947,-12.185,-17.931,-23.17,-27.765,-31.618,-34.673,-36.91,-38.337,-38.976,-38.858,30.307,30.34,29.798,28.658,26.904,24.536,21.569,18.041,14.022,9.6058,4.9091,0.063085,-4.7946,-9.5263,-14,-18.097,-21.716,-24.783,-27.249,-29.09,-30.303,-30.901,-30.906,24.243,24.186,23.678,22.701,21.245,19.315,16.929,14.12,10.945,7.4732,3.7932,0.0020641,-3.7974,-7.5021,-11.014,-14.243,-17.113,-19.568,-21.564,-23.082,-24.112,-24.661,-24.748,19.51,19.396,18.927,18.091,16.881,15.305,13.378,11.13,8.6052,5.8576,2.9536,-0.033693,-3.0269,-5.9484,-8.7241,-11.286,-13.577,-15.551,-17.175,-18.428,-19.303,-19.803,-19.94,15.79,15.642,15.215,14.5,13.493,12.201,10.639,8.8311,6.8115,4.6231,2.3163,-0.053349,-2.4272,-4.7465,-6.9548,-9.0007,-10.839,-12.435,-13.761,-14.799,-15.543,-15.993,-16.158,12.848,12.683,12.298,11.686,10.846,9.7835,8.5115,7.0499,5.4257,3.6723,1.8286,-0.062811,-1.9573,-3.81,-5.5777,-7.2207,-8.7045,-10.001,-11.087,-11.951,-12.583,-12.986,-13.164,10.507,10.336,9.9919,9.4682,8.7653,7.8884,6.8481,5.6607,4.3476,2.9349,1.4528,-0.065897,-1.5868,-3.0755,-4.4986,-5.8254,-7.029,-8.0869,-8.9817,-9.7019,-10.241,-10.599,-10.78
149.52,152.28,152.08,148.98,142.41,131.41,115.28,94.355,70.559,46.543,23.836,2.3708,-18.753,-40.562,-63.609,-87.216,-109.2,-127.22,-140.19,-148.33,-152.39,-153,-150.23,110.51,112.41,112.01,109.29,104.01,95.807,84.485,70.27,53.947,36.597,19.095,1.7917,-15.391,-32.622,-49.793,-66.301,-81.156,-93.432,-102.64,-108.77,-112.08,-112.81,-111.02,84.019,85.262,84.734,82.393,78.131,71.821,63.418,53.076,41.18,28.267,14.847,1.267,-12.285,-25.664,-38.618,-50.728,-61.48,-70.424,-77.303,-82.063,-84.782,-85.559,-84.456,65.08,65.839,65.24,63.237,59.779,54.821,48.376,40.554,31.582,21.767,11.432,0.86237,-9.7118,-20.074,-29.977,-39.127,-47.218,-53.994,-59.297,-63.07,-65.326,-66.111,-65.475,51.075,51.494,50.867,49.155,46.33,42.383,37.341,31.291,24.381,16.81,8.8005,0.57174,-7.669,-15.72,-23.374,-30.418,-36.65,-41.906,-46.075,-49.107,-50.994,-51.758,-51.44,40.486,40.67,40.046,38.582,36.262,33.089,29.095,24.348,18.953,13.051,6.8004,0.36991,-6.0725,-12.361,-18.33,-23.822,-28.695,-32.833,-36.154,-38.615,-40.202,-40.928,-40.823,32.352,32.378,31.777,30.525,28.61,26.042,22.85,19.088,14.835,10.194,5.2838,0.23221,-4.8293,-9.7695,-14.461,-18.785,-22.635,-25.926,-28.597,-30.61,-31.951,-32.627,-32.661,26.029,25.953,25.389,24.316,22.73,20.639,18.07,15.066,11.688,8.0125,4.1305,0.1393,-3.8595,-7.7644,-11.477,-14.907,-17.974,-20.612,-22.775,-24.432,-25.569,-26.19,-26.312,21.07,20.931,20.409,19.49,18.171,16.461,14.381,11.967,9.2654,6.3366,3.2489,0.077227,-3.1002,-6.2049,-9.1615,-11.9,-14.359,-16.489,-18.251,-19.621,-20.588,-21.152,-21.327,17.15,16.975,16.498,15.711,14.61,13.204,11.512,9.5612,7.3888,5.0411,2.5709,0.036251,-2.5027,-4.9855,-7.3537,-9.5534,-11.537,-13.266,-14.709,-15.848,-16.671,-17.179,-17.382,14.031,13.839,13.408,12.732,11.811,10.651,9.267,7.6821,5.9256,4.0333,2.0464,0.009666,-2.0303,-4.0266,-5.9341,-7.7108,-9.3199,-10.73,-11.919,-12.868,-13.571,-14.025,-14.239,11.536,11.338,10.951,10.371,9.5971,8.6358,7.4993,6.2056,4.778,3.2449,1.6382,-0.0071216,-1.6549,-3.2685,-4.813,-6.2556,-7.5674,-8.724,-9.7064,-10.502,-11.102,-11.507,-11.721
142.77,147.21,147.25,142.86,133.85,120.17,102.36,81.893,60.695,40.185,20.809,2.2925,-15.973,-34.642,-54.166,-74.474,-94.647,-112.99,-127.78,-138.03,-143.48,-144.2,-140.29,107.37,109.92,109.58,106.29,99.974,90.654,78.599,64.426,49.003,33.153,17.391,1.8529,-13.57,-29.035,-44.546,-59.783,-74.079,-86.586,-96.568,-103.59,-107.51,-108.33,-106.15,82.785,84.278,83.74,81.113,76.364,69.525,60.752,50.363,38.809,26.568,14.024,1.4093,-11.165,-23.616,-35.783,-47.366,-57.94,-67.047,-74.309,-79.498,-82.524,-83.392,-82.161,64.888,65.737,65.102,62.933,59.213,53.972,47.311,39.419,30.562,21.036,11.119,1.0339,-9.0437,-18.952,-28.498,-37.44,-45.497,-52.398,-57.922,-61.933,-64.371,-65.237,-64.579,51.462,51.902,51.23,49.407,46.419,42.295,37.105,30.973,24.072,16.6,8.7599,0.74218,-7.2801,-15.139,-22.658,-29.647,-35.911,-41.274,-45.594,-48.78,-50.792,-51.63,-51.331,41.182,41.358,40.688,39.138,36.702,33.401,29.289,24.453,19.013,13.11,6.8963,0.52511,-5.8539,-12.093,-18.044,-23.559,-28.497,-32.734,-36.173,-38.75,-40.434,-41.226,-41.156,33.197,33.203,32.556,31.232,29.225,26.553,23.258,19.403,15.078,10.385,5.441,0.36727,-4.7142,-9.6817,-14.416,-18.802,-22.733,-26.12,-28.891,-31,-32.422,-33.159,-33.232,26.926,26.825,26.216,25.08,23.415,21.235,18.572,15.475,12.011,8.2594,4.3087,0.25396,-3.8073,-7.7778,-11.563,-15.073,-18.228,-20.958,-23.212,-24.951,-26.159,-26.836,-26.997,21.96,21.794,21.23,20.254,18.865,17.074,14.908,12.404,9.6142,6.5987,3.427,0.17323,-3.0858,-6.2732,-9.3146,-12.14,-14.688,-16.904,-18.749,-20.193,-21.223,-21.838,-22.05,18,17.798,17.282,16.442,15.278,13.8,12.028,9.9921,7.7326,5.2968,2.7386,0.11604,-2.5106,-5.0811,-7.5368,-9.8234,-11.892,-13.702,-15.221,-16.426,-17.307,-17.861,-18.098,14.822,14.603,14.136,13.413,12.434,11.208,9.7512,8.0879,6.2491,4.2721,2.1991,0.075741,-2.0508,-4.1332,-6.1255,-7.985,-9.6734,-11.159,-12.415,-13.426,-14.18,-14.677,-14.922,12.259,12.037,11.616,10.993,10.167,9.1459,7.943,6.5775,5.0741,3.462,1.7746,0.04753,-1.682,-3.3767,-5.0005,-6.5198,-7.9045,-9.1291,-10.173,-11.023,-11.671,-12.114,-12.357
122.36,126.85,126.85,122.21,113.14,100.26,84.685,67.738,50.565,33.833,17.73,2.1112,-13.339,-28.956,-44.966,-61.335,-77.616,-92.897,-105.95,-115.59,-121.01,-121.86,-118.24,96.806,99.34,98.951,95.542,89.188,80.16,68.959,56.259,42.759,29.011,15.327,1.7898,-11.655,-25.089,-38.503,-51.701,-64.25,-75.525,-84.85,-91.658,-95.59,-96.511,-94.49,77.035,78.486,77.902,75.212,70.445,63.742,55.366,45.686,35.121,24.053,12.768,1.4359,-9.8563,-21.038,-31.986,-42.479,-52.187,-60.715,-67.68,-72.779,-75.829,-76.769,-75.654,61.736,62.538,61.86,59.651,55.92,50.749,44.293,36.772,28.448,19.585,10.413,1.1119,-8.1764,-17.32,-26.163,-34.505,-42.107,-48.713,-54.09,-58.063,-60.526,-61.452,-60.884,49.802,50.196,49.486,47.628,44.629,40.538,35.454,29.52,22.909,15.809,8.399,0.8422,-6.7143,-14.128,-21.247,-27.907,-33.928,-39.139,-43.388,-46.565,-48.606,-49.495,-49.269,40.41,40.544,39.837,38.255,35.802,32.509,28.446,23.709,18.421,12.719,6.7427,0.62925,-5.4886,-11.48,-17.214,-22.555,-27.369,-31.535,-34.948,-37.533,-39.249,-40.088,-40.076,32.959,32.928,32.246,30.89,28.859,26.178,22.896,19.082,14.826,10.232,5.4077,0.46603,-4.4813,-9.3231,-13.95,-18.253,-22.131,-25.494,-28.267,-30.396,-31.853,-32.632,-32.755,27.008,26.874,26.232,25.064,23.37,21.168,18.495,15.403,11.96,8.2447,4.3423,0.34305,-3.6616,-7.5805,-11.324,-14.807,-17.951,-20.686,-22.958,-24.726,-25.97,-26.686,-26.89,22.227,22.032,21.437,20.428,19.007,17.188,14.997,12.477,9.6779,6.6617,3.4956,0.25133,-2.9976,-6.1776,-9.2172,-12.049,-14.61,-16.849,-18.722,-20.2,-21.266,-21.917,-22.166,18.368,18.139,17.594,16.722,15.524,14.013,12.209,10.144,7.8584,5.4005,2.8232,0.18332,-2.4603,-5.0491,-7.5258,-9.837,-11.934,-13.776,-15.329,-16.57,-17.486,-18.074,-18.344,15.238,14.995,14.499,13.745,12.732,11.471,9.9781,8.2788,6.405,4.3942,2.2885,0.1331,-2.0254,-4.1402,-6.1659,-8.0601,-9.7846,-11.307,-12.6,-13.646,-14.435,-14.963,-15.238,12.688,12.444,11.997,11.344,10.485,9.428,8.1876,6.7834,5.2407,3.5893,1.8625,0.096135,-1.6726,-3.4067,-5.0699,-6.6286,-8.0525,-9.3156,-10.397,-11.282,-11.962,-12.435,-12.704
98.839,102.08,101.8,97.834,90.46,80.308,68.23,55.091,41.579,28.123,14.897,1.8902,-11.009,-23.924,-36.914,-49.884,-62.518,-74.25,-84.316,-91.903,-96.35,-97.318,-94.883,83.005,85,84.48,81.344,75.711,67.903,58.394,47.731,36.418,24.839,13.222,1.6594,-9.8369,-21.27,-32.591,-43.637,-54.101,-63.544,-71.454,-77.349,-80.873,-81.865,-80.384,68.698,69.872,69.215,66.656,62.251,56.172,48.694,40.152,30.891,21.208,11.326,1.3867,-8.5189,-18.311,-27.879,-37.041,-45.544,-53.072,-59.298,-63.937,-66.791,-67.78,-66.952,56.615,57.255,56.531,54.39,50.86,46.04,40.096,33.242,25.711,17.727,9.4786,1.1199,-7.2254,-15.44,-23.389,-30.907,-37.791,-43.821,-48.784,-52.504,-54.867,-55.83,-55.434,46.648,46.94,46.195,44.375,41.492,37.608,32.829,27.298,21.177,14.633,7.8213,0.88421,-6.0502,-12.857,-19.406,-25.55,-31.135,-36.003,-40.01,-43.043,-45.031,-45.952,-45.837,38.494,38.559,37.824,36.26,33.874,30.705,26.826,22.336,17.352,11.999,6.4032,0.68797,-5.0295,-10.633,-16.006,-21.027,-25.575,-29.534,-32.804,-35.308,-36.999,-37.866,-37.932,31.838,31.756,31.051,29.7,27.705,25.096,21.924,18.259,14.189,9.8096,5.2227,0.53038,-4.166,-8.7658,-13.169,-17.277,-20.994,-24.235,-26.926,-29.012,-30.461,-31.266,-31.446,26.402,26.229,25.565,24.393,22.715,20.552,17.941,14.936,11.602,8.0151,4.2553,0.40657,-3.4465,-7.2197,-10.83,-14.198,-17.249,-19.915,-22.144,-23.893,-25.14,-25.881,-26.129,21.955,21.729,21.113,20.094,18.676,16.873,14.713,12.238,9.4992,6.5548,3.4693,0.31061,-2.8521,-5.9497,-8.9148,-11.683,-14.195,-16.4,-18.255,-19.729,-20.806,-21.481,-21.766,18.31,18.055,17.49,16.605,15.401,13.891,12.097,10.051,7.7936,5.3706,2.8335,0.23686,-2.3632,-4.9107,-7.3511,-9.6329,-11.709,-13.539,-15.09,-16.337,-17.269,-17.88,-18.18,15.315,15.05,14.535,13.764,12.74,11.471,9.9749,8.2778,6.411,4.4113,2.3199,0.18046,-1.9619,-4.0619,-6.0758,-7.9623,-9.6839,-11.208,-12.51,-13.569,-14.375,-14.926,-15.226,12.847,12.583,12.118,11.447,10.572,9.5021,8.2506,6.8379,5.2892,3.634,1.905,0.13747,-1.6324,-3.3684,-5.0352,-6.5998,-8.0321,-9.3065,-10.402,-11.304,-12.003,-12.497,-12.789
79.048,81.017,80.468,77.292,71.663,63.992,54.82,44.692,34.062,23.248,12.426,1.6649,-9.0292,-19.66,-30.19,-40.491,-50.312,-59.27,-66.88,-72.641,-76.144,-77.178,-75.801,69.508,70.833,70.175,67.454,62.768,56.372,48.625,39.919,30.616,20.999,11.257,1.5003,-8.2124,-17.83,-27.27,-36.384,-44.937,-52.613,-59.052,-63.907,-66.912,-67.945,-67.051,59.665,60.469,59.738,57.412,53.545,48.292,41.882,34.585,26.671,18.372,9.8696,1.2943,-7.2561,-15.691,-23.9,-31.73,-38.978,-45.401,-50.745,-54.778,-57.338,-58.352,-57.86,50.584,51.008,50.242,48.241,45.035,40.717,35.439,29.385,22.75,15.719,8.4515,1.0813,-6.2778,-13.516,-20.514,-27.127,-33.19,-38.52,-42.939,-46.294,-48.481,-49.462,-49.267,42.625,42.783,42.012,40.279,37.599,34.033,29.68,24.671,19.147,13.252,7.1231,0.88292,-5.3542,-11.477,-17.369,-22.904,-27.949,-32.365,-36.028,-38.833,-40.714,-41.648,-41.661,35.821,35.799,35.047,33.538,31.282,28.318,24.717,20.57,15.984,11.071,5.9432,0.70988,-4.5246,-9.657,-14.583,-19.194,-23.385,-27.05,-30.098,-32.457,-34.082,-34.96,-35.112,30.08,29.94,29.221,27.904,25.993,23.517,20.526,17.088,13.283,9.1993,4.9293,0.56495,-3.8024,-8.0822,-12.184,-16.019,-19.5,-22.549,-25.096,-27.091,-28.5,-29.316,-29.555,25.269,25.055,24.379,23.227,21.601,19.524,17.031,14.174,11.015,7.6242,4.0759,0.44671,-3.1861,-6.7454,-10.156,-13.343,-16.239,-18.782,-20.919,-22.611,-23.836,-24.588,-24.879,21.25,20.993,20.366,19.357,17.97,16.22,14.135,11.756,9.1303,6.3138,3.3666,0.35188,-2.6664,-5.6241,-8.4586,-11.11,-13.523,-15.649,-17.448,-18.889,-19.955,-20.642,-20.959,17.898,17.62,17.043,16.16,14.973,13.494,11.746,9.7595,7.573,5.2309,2.7816,0.27666,-2.2314,-4.6901,-7.0481,-9.2567,-11.272,-13.054,-14.572,-15.802,-16.731,-17.355,-17.68,15.102,14.818,14.292,13.519,12.501,11.248,9.7777,8.115,6.2904,4.3394,2.3012,0.21742,-1.869,-3.9153,-5.8797,-7.7229,-9.409,-10.907,-12.192,-13.244,-14.054,-14.617,-14.939,12.77,12.489,12.012,11.335,10.461,9.3964,8.1568,6.7616,5.2354,3.6068,1.9074,0.17098,-1.5677,-3.2738,-4.9135,-6.4551,-7.8695,-9.1317,-10.222,-11.124,-11.83,-12.337,-12.647
