-0.45299,-0.49723,-0.5396,-0.57558,-0.59959,-0.60636,-0.59293,-0.56002,-0.51175,-0.4539,-0.39206,-0.33053,-0.27214,-0.21846,-0.17026,-0.12775,-0.09084,-0.059251,-0.032608,-0.010472,0.0076234,0.022156,0.033596,-0.42988,-0.46871,-0.50515,-0.53536,-0.55477,-0.55924,-0.54652,-0.51718,-0.47445,-0.42297,-0.36737,-0.31143,-0.25773,-0.20789,-0.16275,-0.12263,-0.087573,-0.0574,-0.031819,-0.010463,0.0070773,0.021232,0.03243,-0.40161,-0.43439,-0.4644,-0.4885,-0.50316,-0.50535,-0.49342,-0.46784,-0.43099,-0.38639,-0.33773,-0.28813,-0.23992,-0.19464,-0.15319,-0.11603,-0.083285,-0.0549,-0.030675,-0.010326,0.0064891,0.020142,0.031013,-0.37054,-0.39736,-0.42122,-0.43964,-0.45004,-0.45023,-0.43912,-0.41704,-0.38571,-0.34771,-0.30585,-0.26267,-0.22016,-0.17973,-0.14231,-0.1084,-0.078257,-0.051909,-0.029251,-0.010077,0.0058803,0.018931,0.029401,-0.33865,-0.36005,-0.37848,-0.39206,-0.39892,-0.39755,-0.38723,-0.3682,-0.34169,-0.30956,-0.27393,-0.23677,-0.19974,-0.1641,-0.13074,-0.10019,-0.072773,-0.048593,-0.027623,-0.0097359,0.0052707,0.017643,0.027655,-0.30739,-0.32413,-0.33801,-0.34767,-0.35176,-0.34926,-0.33967,-0.32322,-0.30077,-0.27365,-0.24343,-0.21165,-0.17965,-0.14851,-0.11905,-0.091791,-0.067089,-0.045104,-0.025871,-0.0093239,0.0046769,0.016322,0.025831,-0.27772,-0.29058,-0.3008,-0.30739,-0.30939,-0.30611,-0.29723,-0.28292,-0.26381,-0.24086,-0.21524,-0.18812,-0.16057,-0.13352,-0.10766,-0.083509,-0.061416,-0.041574,-0.024062,-0.0088627,0.0041118,0.015001,0.02398,-0.25017,-0.25988,-0.26723,-0.27147,-0.27193,-0.26816,-0.25994,-0.24741,-0.23104,-0.21154,-0.18975,-0.16659,-0.14292,-0.11947,-0.096866,-0.075571,-0.055915,-0.038107,-0.022253,-0.0083714,0.0035843,0.013712,0.022144,-0.22497,-0.23218,-0.2373,-0.23977,-0.23915,-0.23509,-0.22749,-0.21646,-0.20234,-0.18566,-0.16706,-0.14724,-0.12687,-0.10657,-0.08685,-0.068124,-0.050699,-0.03478,-0.020488,-0.0078669,0.0031,0.012476,0.020359,-0.20217,-0.20741,-0.21082,-0.21199,-0.2106,-0.20643,-0.19941,-0.18964,-0.17738,-0.16302,-0.14707,-0.13004,-0.11249,-0.094893,-0.077696,-0.061252,-0.045836,-0.031644,-0.0188,-0.0073625,0.0026614,0.011309,0.01865,-0.1817,-0.1854,-0.18751,-0.18773,-0.18582,-0.18165,-0.17517,-0.16647,-0.15576,-0.14333,-0.12957,-0.11488,-0.099706,-0.084434,-0.069427,-0.054989,-0.041362,-0.028729,-0.017208,-0.0068686,0.0022687,0.010221,0.017035,-0.16339,-0.16591,-0.16703,-0.16656,-0.16433,-0.16024,-0.15426,-0.14649,-0.13707,-0.12625,-0.11431,-0.10159,-0.088426,-0.075136,-0.062019,-0.049332,-0.037288,-0.026047,-0.015726,-0.0063927,0.0019205,0.0092166,0.015525
-0.51093,-0.57168,-0.63316,-0.68876,-0.72901,-0.74385,-0.72717,-0.68034,-0.61152,-0.53122,-0.44839,-0.3689,-0.2959,-0.2307,-0.17359,-0.12432,-0.082404,-0.047239,-0.018188,0.005408,0.024209,0.03886,0.04998,-0.48094,-0.53314,-0.58455,-0.62961,-0.66089,-0.67098,-0.65555,-0.61561,-0.55708,-0.4879,-0.41526,-0.34431,-0.2781,-0.21817,-0.16508,-0.11885,-0.079209,-0.045733,-0.017909,0.004821,0.023036,0.037316,0.048225,-0.445,-0.48799,-0.52901,-0.56359,-0.58629,-0.59201,-0.57787,-0.54459,-0.4962,-0.43835,-0.37651,-0.31494,-0.25644,-0.20265,-0.15436,-0.11183,-0.075017,-0.043661,-0.017396,0.0042181,0.021666,0.03545,0.046069,-0.40637,-0.44066,-0.47224,-0.49772,-0.51327,-0.51548,-0.50255,-0.47497,-0.43541,-0.38776,-0.33602,-0.28357,-0.23285,-0.18545,-0.14229,-0.10381,-0.07013,-0.041169,-0.016694,0.0036221,0.020163,0.033348,0.043606,-0.36762,-0.39431,-0.41798,-0.43615,-0.44617,-0.44583,-0.43399,-0.411,-0.37864,-0.33955,-0.2966,-0.25239,-0.20894,-0.16771,-0.12964,-0.095263,-0.064841,-0.038407,-0.01585,0.0030519,0.018589,0.031097,0.040934,-0.33045,-0.35084,-0.36821,-0.38078,-0.38672,-0.38462,-0.37376,-0.3544,-0.32774,-0.29557,-0.25996,-0.22284,-0.18587,-0.15031,-0.11703,-0.086626,-0.059411,-0.035513,-0.014912,0.0025215,0.016997,0.028775,0.038146,-0.29585,-0.31119,-0.32369,-0.33207,-0.3351,-0.33185,-0.32187,-0.30538,-0.28319,-0.25654,-0.22691,-0.19576,-0.16438,-0.13384,-0.10493,-0.078218,-0.054047,-0.032601,-0.013926,0.0020395,0.015434,0.026453,0.035324,-0.2643,-0.27567,-0.28447,-0.28978,-0.29076,-0.2868,-0.27764,-0.26343,-0.24475,-0.22249,-0.1977,-0.17148,-0.14484,-0.11866,-0.09363,-0.07026,-0.048901,-0.029761,-0.012927,0.0016105,0.013935,0.024185,0.032537,-0.2359,-0.2442,-0.25022,-0.2533,-0.25287,-0.24852,-0.24011,-0.22775,-0.21186,-0.19309,-0.17221,-0.15004,-0.12738,-0.10493,-0.083283,-0.062887,-0.044073,-0.027055,-0.011943,0.0012352,0.012523,0.022013,0.029839,-0.21056,-0.2165,-0.22045,-0.22193,-0.22054,-0.21603,-0.2083,-0.19746,-0.18382,-0.16786,-0.15014,-0.13131,-0.11196,-0.092682,-0.07395,-0.056163,-0.039618,-0.024522,-0.010996,0.00091175,0.011213,0.019966,0.027267,-0.18808,-0.19222,-0.19463,-0.19496,-0.19296,-0.18843,-0.18133,-0.17177,-0.15996,-0.14627,-0.13114,-0.11504,-0.098458,-0.081852,-0.065621,-0.050103,-0.03556,-0.022185,-0.010099,0.00063658,0.010012,0.018061,0.024849,-0.16821,-0.17097,-0.17224,-0.17178,-0.16938,-0.16494,-0.15843,-0.14993,-0.13964,-0.12782,-0.1148,-0.10097,-0.086691,-0.07234,-0.058244,-0.044688,-0.031899,-0.02005,-0.00926,0.00040511,0.0089223,0.016306,0.022599
-0.57368,-0.65664,-0.74616,-0.83342,-0.90239,-0.93286,-0.91107,-0.84012,-0.7375,-0.62312,-0.51098,-0.40826,-0.31752,-0.23902,-0.17203,-0.11552,-0.068447,-0.029782,0.0014375,0.026138,0.045209,0.0595,0.069806,-0.53503,-0.6045,-0.67672,-0.74407,-0.79454,-0.81448,-0.7952,-0.73869,-0.65631,-0.56197,-0.46667,-0.37695,-0.29589,-0.22449,-0.16269,-0.10997,-0.065652,-0.028961,0.00087692,0.024648,0.043133,0.057096,0.067261,-0.48978,-0.54537,-0.60078,-0.64994,-0.68449,-0.69582,-0.6788,-0.63465,-0.5703,-0.49488,-0.41641,-0.34041,-0.27002,-0.20674,-0.15105,-0.1029,-0.06196,-0.027731,0.00035691,0.022931,0.040646,0.054161,0.064117,-0.44233,-0.4854,-0.5265,-0.5611,-0.58361,-0.58877,-0.57362,-0.53892,-0.48883,-0.42917,-0.36556,-0.30235,-0.2424,-0.18737,-0.13811,-0.094883,-0.057662,-0.026196,-0.00010585,0.021078,0.037878,0.050844,0.060525,-0.39586,-0.42849,-0.45829,-0.482,-0.49598,-0.49702,-0.48341,-0.45564,-0.41625,-0.36895,-0.31759,-0.26546,-0.21497,-0.16774,-0.12473,-0.086441,-0.053038,-0.024463,-0.0005018,0.019171,0.034954,0.047291,0.056638,-0.35228,-0.37661,-0.39785,-0.41372,-0.42184,-0.42023,-0.40791,-0.38522,-0.35374,-0.31588,-0.27427,-0.23134,-0.18904,-0.14881,-0.1116,-0.078011,-0.048328,-0.022629,-0.00082791,0.017281,0.031988,0.043637,0.052599,-0.31254,-0.33045,-0.34535,-0.35566,-0.3598,-0.35657,-0.34537,-0.32645,-0.30085,-0.27016,-0.2362,-0.20075,-0.16535,-0.1312,-0.099185,-0.069907,-0.043718,-0.020776,-0.0010863,0.015463,0.029071,0.039997,0.048532,-0.27693,-0.28995,-0.30021,-0.3066,-0.30809,-0.3039,-0.29369,-0.27766,-0.25649,-0.23128,-0.20332,-0.17389,-0.1442,-0.11523,-0.087754,-0.062335,-0.039338,-0.018965,-0.0012826,0.013754,0.026272,0.036459,0.044541,-0.24537,-0.25471,-0.26159,-0.26524,-0.26496,-0.26026,-0.25095,-0.23717,-0.21942,-0.19845,-0.1752,-0.15061,-0.12561,-0.101,-0.077433,-0.055405,-0.035268,-0.017241,-0.0014244,0.012178,0.02364,0.03309,0.0407,-0.2176,-0.22417,-0.22859,-0.23032,-0.22889,-0.22398,-0.21548,-0.20351,-0.18844,-0.1708,-0.15128,-0.1306,-0.10945,-0.088489,-0.068245,-0.049158,-0.031549,-0.01563,-0.0015201,0.010746,0.021202,0.029933,0.037063,-0.19324,-0.19774,-0.20039,-0.20078,-0.19862,-0.19369,-0.18593,-0.17544,-0.16251,-0.14753,-0.131,-0.11348,-0.095496,-0.07757,-0.060145,-0.043591,-0.028191,-0.014146,-0.0015778,0.0094591,0.018971,0.02701,0.033665,-0.17192,-0.17488,-0.17623,-0.17572,-0.17311,-0.16828,-0.1612,-0.15195,-0.14076,-0.12792,-0.11381,-0.09886,-0.083485,-0.068094,-0.053051,-0.038666,-0.025186,-0.012792,-0.0016052,0.0083131,0.01695,0.024333,0.030523
-0.63774,-0.74896,-0.87821,-1.0162,-1.1374,-1.1996,-1.1688,-1.0531,-0.89327,-0.72763,-0.57604,-0.44474,-0.33363,-0.24058,-0.16319,-0.099328,-0.047215,-0.0053539,0.027583,0.052824,0.071528,0.08479,0.09362,-0.58886,-0.67929,-0.77903,-0.87879,-0.95987,-0.99691,-0.97191,-0.88901,-0.77088,-0.64185,-0.51774,-0.40579,-0.30808,-0.22433,-0.15347,-0.094207,-0.045338,-0.0057265,0.025705,0.049998,0.068171,0.081205,0.090019,-0.53301,-0.60311,-0.67623,-0.74462,-0.79585,-0.81565,-0.79488,-0.73566,-0.64994,-0.55225,-0.45386,-0.36143,-0.27806,-0.20475,-0.14146,-0.087688,-0.042771,-0.0059491,0.023579,0.046648,0.064111,0.076813,0.085566,-0.47595,-0.52862,-0.58066,-0.62626,-0.65758,-0.66668,-0.64888,-0.60532,-0.54237,-0.46855,-0.39145,-0.31643,-0.24665,-0.18372,-0.12826,-0.080344,-0.039742,-0.006031,0.021332,0.042975,0.059582,0.071857,0.080491,-0.42141,-0.46022,-0.49663,-0.52654,-0.54509,-0.54778,-0.53215,-0.49886,-0.45146,-0.395,-0.33448,-0.27392,-0.21611,-0.16276,-0.11481,-0.07269,-0.03647,-0.0059915,0.019072,0.039165,0.054809,0.066571,0.075026,-0.37139,-0.39963,-0.4248,-0.44412,-0.45453,-0.45343,-0.43949,-0.41313,-0.37641,-0.33244,-0.28452,-0.23556,-0.18782,-0.1429,-0.1018,-0.065132,-0.033142,-0.0058546,0.016887,0.035372,0.049986,0.061168,0.069384,-0.32664,-0.34698,-0.36419,-0.37637,-0.38159,-0.3783,-0.36576,-0.34425,-0.31506,-0.28015,-0.24174,-0.20192,-0.16247,-0.12473,-0.089686,-0.057955,-0.029897,-0.0056455,0.014836,0.031718,0.04527,0.055822,0.063744,-0.2872,-0.30172,-0.3133,-0.32066,-0.32255,-0.31804,-0.3067,-0.28874,-0.265,-0.23679,-0.2056,-0.17297,-0.14024,-0.10853,-0.078689,-0.051329,-0.026829,-0.0053873,0.012956,0.028284,0.040774,0.050667,0.058248,-0.25275,-0.26298,-0.27058,-0.27467,-0.27444,-0.26931,-0.25902,-0.24377,-0.22411,-0.20093,-0.1753,-0.14832,-0.12102,-0.094307,-0.068896,-0.045335,-0.023996,-0.0050998,0.011265,0.025119,0.036572,0.045795,0.053,-0.2228,-0.22987,-0.23465,-0.23653,-0.23496,-0.22957,-0.22024,-0.20711,-0.19058,-0.17127,-0.14996,-0.12746,-0.10456,-0.081968,-0.060288,-0.039991,-0.021421,-0.0047983,0.0097633,0.022246,0.032706,0.041262,0.048069,-0.19681,-0.20157,-0.20435,-0.20472,-0.20232,-0.19693,-0.18846,-0.17703,-0.16296,-0.14669,-0.12879,-0.10987,-0.090529,-0.071339,-0.052789,-0.035277,-0.019109,-0.0044947,0.0084448,0.019666,0.029192,0.037097,0.043495,-0.17427,-0.17733,-0.17869,-0.17805,-0.17517,-0.1699,-0.16221,-0.1522,-0.1401,-0.12625,-0.11107,-0.095035,-0.078602,-0.062221,-0.046291,-0.031146,-0.017051,-0.0041971,0.0072958,0.017371,0.026027,0.033308,0.039293
-0.69659,-0.84004,-1.0206,-1.2352,-1.4505,-1.5791,-1.5306,-1.3279,-1.0732,-0.83531,-0.63514,-0.47192,-0.33948,-0.23181,-0.14422,-0.073322,-0.016613,0.027873,0.06182,0.086777,0.10422,0.11554,0.12201,-0.63689,-0.75002,-0.88251,-1.0254,-1.152,-1.2172,-1.1836,-1.0601,-0.89163,-0.71863,-0.56126,-0.42539,-0.3106,-0.21459,-0.13491,-0.069437,-0.016446,0.025556,0.057933,0.082003,0.099057,0.11034,0.11701,-0.57029,-0.65525,-0.74779,-0.8389,-0.91133,-0.9426,-0.9171,-0.83847,-0.72654,-0.60315,-0.48311,-0.37365,-0.27725,-0.1941,-0.12348,-0.064425,-0.015932,0.023,0.053393,0.076302,0.092807,0.10398,0.11083,-0.50387,-0.56585,-0.62901,-0.68639,-0.72757,-0.74124,-0.72039,-0.66669,-0.58946,-0.50044,-0.40937,-0.32248,-0.24303,-0.17243,-0.11106,-0.058774,-0.015155,0.020372,0.048507,0.070049,0.085861,0.096831,0.10382,-0.4418,-0.48629,-0.52898,-0.56498,-0.5881,-0.59242,-0.57457,-0.53539,-0.47963,-0.41382,-0.34415,-0.27532,-0.2104,-0.15119,-0.098573,-0.052913,-0.014203,0.017806,0.043546,0.063586,0.078589,0.089266,0.096332,-0.38598,-0.41762,-0.4463,-0.46873,-0.4812,-0.48044,-0.46474,-0.4346,-0.39262,-0.34261,-0.28851,-0.23372,-0.18077,-0.1314,-0.086663,-0.04717,-0.013156,0.0154,0.038724,0.057195,0.071302,0.081598,0.08866,-0.33687,-0.35922,-0.37835,-0.39207,-0.3981,-0.39458,-0.38058,-0.35645,-0.32371,-0.2847,-0.24199,-0.198,-0.1547,-0.11359,-0.07572,-0.041763,-0.01208,0.013211,0.034187,0.051082,0.06424,0.074081,0.081056,-0.29421,-0.30987,-0.32246,-0.33051,-0.33259,-0.3276,-0.31504,-0.29515,-0.26889,-0.23777,-0.2035,-0.16781,-0.13222,-0.097943,-0.065925,-0.036816,-0.011022,0.011264,0.030023,0.045382,0.057571,0.066898,0.073711,-0.2574,-0.26824,-0.27632,-0.28064,-0.28029,-0.27459,-0.26328,-0.24653,-0.225,-0.19969,-0.17179,-0.14254,-0.11308,-0.084411,-0.057314,-0.032382,-0.010015,0.0095621,0.026274,0.040169,0.051395,0.06017,0.066759,-0.22572,-0.23308,-0.23803,-0.23989,-0.23805,-0.2321,-0.22189,-0.20758,-0.18962,-0.1687,-0.14568,-0.12147,-0.096918,-0.072823,-0.049834,-0.028463,-0.0090773,0.0080939,0.022943,0.035471,0.045762,0.053967,0.06028,-0.19847,-0.20333,-0.2061,-0.20632,-0.20359,-0.19766,-0.18844,-0.17607,-0.16088,-0.14337,-0.12416,-0.10392,-0.083313,-0.062959,-0.043388,-0.025033,-0.0082174,0.0068387,0.020016,0.031284,0.040683,0.048314,0.054317,-0.17502,-0.17806,-0.17932,-0.17846,-0.17524,-0.16948,-0.16115,-0.15037,-0.13738,-0.12255,-0.10636,-0.089295,-0.071877,-0.054588,-0.037858,-0.022048,-0.0074377,0.0057722,0.017462,0.027581,0.036143,0.04321,0.048881
-0.74071,-0.91388,-1.1481,-1.4586,-1.8216,-2.08,-1.9954,-1.6368,-1.2462,-0.92378,-0.67419,-0.48107,-0.32939,-0.20861,-0.11188,-0.034745,0.025816,0.072085,0.10604,0.12956,0.1445,0.15264,0.1556,-0.67167,-0.80467,-0.96862,-1.1579,-1.3404,-1.4438,-1.3985,-1.2221,-0.99481,-0.77583,-0.5865,-0.4288,-0.29877,-0.19183,-0.10427,-0.033324,0.023099,0.06672,0.099142,0.12197,0.13681,0.14524,0.14873,-0.59613,-0.69338,-0.80309,-0.91577,-1.0098,-1.0533,-1.0225,-0.92309,-0.7845,-0.63646,-0.49654,-0.37187,-0.26394,-0.17206,-0.094925,-0.031234,0.020212,0.060572,0.091045,0.11292,0.12753,0.13623,0.1403,-0.52223,-0.59148,-0.66375,-0.73118,-0.78107,-0.79872,-0.77467,-0.71115,-0.62051,-0.51766,-0.41414,-0.31678,-0.22881,-0.15143,-0.084828,-0.028732,0.017357,0.054109,0.082351,0.10306,0.1173,0.12619,0.1308,-0.45437,-0.50304,-0.55048,-0.59118,-0.61783,-0.62318,-0.603,-0.55833,-0.49501,-0.42089,-0.34316,-0.26707,-0.1959,-0.1315,-0.074771,-0.026052,0.014678,0.047717,0.07358,0.092966,0.1067,0.11566,0.12073,-0.39424,-0.42822,-0.45933,-0.48389,-0.49766,-0.4968,-0.47925,-0.4456,-0.39888,-0.34351,-0.28399,-0.22407,-0.16653,-0.11322,-0.065288,-0.023375,0.012265,0.041671,0.065124,0.083095,0.096191,0.1051,0.11052,-0.34201,-0.36561,-0.38591,-0.4005,-0.40683,-0.40276,-0.38724,-0.36063,-0.32468,-0.28201,-0.2355,-0.18781,-0.1411,-0.097012,-0.056676,-0.020823,0.010154,0.036138,0.057241,0.073761,0.086127,0.094856,0.1005,-0.29713,-0.31339,-0.32647,-0.33476,-0.33667,-0.331,-0.31715,-0.2954,-0.26683,-0.23308,-0.19606,-0.15765,-0.11951,-0.082973,-0.049055,-0.018469,0.0083478,0.031195,0.050074,0.065154,0.076728,0.085175,0.09092,-0.25873,-0.26981,-0.27801,-0.28225,-0.28153,-0.27513,-0.26273,-0.24454,-0.22126,-0.194,-0.16405,-0.13277,-0.10139,-0.070988,-0.042427,-0.016346,0.0068271,0.026856,0.043677,0.057367,0.068118,0.076201,0.081936,-0.22595,-0.23334,-0.23821,-0.23982,-0.23755,-0.23093,-0.2198,-0.20433,-0.18502,-0.16262,-0.13805,-0.11228,-0.086268,-0.060846,-0.036726,-0.01446,0.0055609,0.023095,0.038042,0.050419,0.060344,0.068005,0.073639,-0.19794,-0.2027,-0.20529,-0.20521,-0.20203,-0.19549,-0.18549,-0.17219,-0.15593,-0.13726,-0.11685,-0.095422,-0.073685,-0.052306,-0.031856,-0.012801,0.0045147,0.019862,0.033124,0.044283,0.0534,0.060605,0.066068,-0.17397,-0.17686,-0.17788,-0.17671,-0.17306,-0.16675,-0.15777,-0.14622,-0.13237,-0.11664,-0.099504,-0.081513,-0.063214,-0.045126,-0.02771,-0.011351,0.0036544,0.017098,0.028861,0.038901,0.047246,0.053979,0.05922
-0.75978,-0.94982,-1.218,-1.5991,-2.0981,-2.5087,-2.377,-1.8493,-1.3426,-0.95901,-0.67627,-0.4631,-0.2978,-0.16703,-0.062851,0.019471,0.08297,0.12994,0.16255,0.18305,0.19379,0.19708,0.19499,-0.68561,-0.82931,-1.0116,-1.2306,-1.4531,-1.5862,-1.5305,-1.3121,-1.0423,-0.79215,-0.58167,-0.40917,-0.26818,-0.15282,-0.058843,0.016625,0.075631,0.1199,0.15118,0.17139,0.18255,0.1867,0.18568,-0.60532,-0.70876,-0.82763,-0.95252,-1.0594,-1.11,-1.0748,-0.96062,-0.80405,-0.63968,-0.4865,-0.35126,-0.23485,-0.13615,-0.053697,0.013782,0.067418,0.10836,0.1379,0.15759,0.1691,0.17414,0.1743,-0.52759,-0.60018,-0.67682,-0.7492,-0.80334,-0.82244,-0.79547,-0.72498,-0.62525,-0.51306,-0.40096,-0.29607,-0.20167,-0.11891,-0.048039,0.011137,0.059028,0.096281,0.1238,0.14275,0.15444,0.16029,0.16162,-0.45687,-0.50721,-0.5566,-0.59918,-0.62701,-0.63208,-0.60963,-0.56082,-0.4921,-0.41209,-0.32855,-0.24704,-0.17102,-0.10246,-0.042366,0.0088028,0.050985,0.084448,0.10976,0.12776,0.13945,0.14594,0.14831,-0.39472,-0.42943,-0.46127,-0.48635,-0.50011,-0.49841,-0.479,-0.44248,-0.39216,-0.33278,-0.26914,-0.20525,-0.14406,-0.08755,-0.037008,0.0068239,0.043614,0.073374,0.09642,0.11332,0.12481,0.13174,0.13497,-0.34111,-0.36491,-0.38533,-0.39983,-0.40568,-0.40064,-0.38355,-0.3548,-0.31624,-0.27067,-0.22115,-0.1705,-0.12103,-0.074497,-0.032148,0.0051942,0.037074,0.063349,0.084154,0.09985,0.11097,0.11813,0.12203,-0.29532,-0.31151,-0.3244,-0.33231,-0.3336,-0.32697,-0.31179,-0.28836,-0.25782,-0.22189,-0.18261,-0.14197,-0.10173,-0.06332,-0.027856,0.0038805,0.031401,0.054486,0.073148,0.087601,0.098208,0.10543,0.10978,-0.25635,-0.26721,-0.27508,-0.27884,-0.27746,-0.27018,-0.25666,-0.23712,-0.21231,-0.18337,-0.1517,-0.1187,-0.085713,-0.05388,-0.024131,0.0028375,0.026559,0.046779,0.063443,0.076657,0.086662,0.093789,0.098421,-0.22323,-0.23033,-0.23482,-0.23594,-0.23303,-0.22562,-0.21355,-0.19699,-0.17645,-0.15275,-0.12683,-0.09975,-0.072495,-0.04597,-0.020934,0.0020186,0.022466,0.040155,0.054987,0.067004,0.076353,0.083268,0.088031,-0.19505,-0.1995,-0.20169,-0.20113,-0.19738,-0.19015,-0.17936,-0.16515,-0.14792,-0.12822,-0.10676,-0.084297,-0.061599,-0.039365,-0.018207,0.0013807,0.019029,0.034501,0.047681,0.058564,0.067237,0.073859,0.078634,-0.17102,-0.17359,-0.17424,-0.17263,-0.16846,-0.16156,-0.1519,-0.13961,-0.12498,-0.10842,-0.090456,-0.071658,-0.052608,-0.033855,-0.015887,0.00088678,0.016154,0.029698,0.0414,0.05123,0.05923,0.065505,0.070202
-0.74733,-0.93329,-1.1942,-1.5608,-2.0302,-2.4034,-2.2801,-1.7843,-1.2938,-0.91424,-0.6298,-0.41212,-0.24092,-0.10385,0.0060972,0.092759,0.15838,0.20483,0.23431,0.24958,0.25375,0.24991,0.24076,-0.67413,-0.81477,-0.99243,-1.2044,-1.4173,-1.5421,-1.485,-1.2703,-1.0031,-0.75252,-0.53919,-0.36224,-0.21594,-0.095076,0.0038596,0.083012,0.14381,0.18762,0.21625,0.232,0.23751,0.23545,0.22822,-0.59483,-0.69599,-0.81183,-0.93286,-1.0353,-1.0821,-1.0445,-0.92926,-0.77141,-0.60483,-0.44835,-0.30897,-0.18794,-0.084605,0.0019398,0.072422,0.1275,0.16807,0.19545,0.21149,0.21832,0.21816,0.21305,-0.51802,-0.58885,-0.66334,-0.73322,-0.78464,-0.80112,-0.77185,-0.69927,-0.59731,-0.48243,-0.36711,-0.25856,-0.16027,-0.07374,0.000413,0.06196,0.11098,0.14793,0.17375,0.18979,0.19774,0.19936,0.19633,-0.44811,-0.49705,-0.5448,-0.58551,-0.61134,-0.61433,-0.58979,-0.53884,-0.46781,-0.38521,-0.29879,-0.21416,-0.13497,-0.063387,-0.00072421,0.052277,0.09532,0.12855,0.15254,0.16829,0.17704,0.18016,0.17901,-0.38668,-0.42023,-0.45074,-0.47434,-0.48648,-0.48305,-0.4618,-0.42334,-0.37091,-0.30924,-0.24314,-0.17668,-0.11292,-0.054046,-0.0015212,0.043708,0.081147,0.11072,0.13276,0.14793,0.15714,0.16144,0.16187,-0.33373,-0.35654,-0.37585,-0.38911,-0.39361,-0.3871,-0.36843,-0.33798,-0.2976,-0.25008,-0.19852,-0.14578,-0.094289,-0.045912,-0.002045,0.036354,0.06872,0.094854,0.1149,0.12928,0.13864,0.14376,0.14544,-0.28852,-0.30386,-0.31581,-0.32268,-0.32282,-0.31494,-0.29842,-0.27355,-0.24146,-0.20391,-0.16297,-0.12066,-0.078818,-0.038985,-0.0023616,0.030173,0.058057,0.081032,0.099118,0.11257,0.12184,0.12748,0.1301,-0.25009,-0.26022,-0.26727,-0.27015,-0.2678,-0.25945,-0.24479,-0.22404,-0.19795,-0.16768,-0.13466,-0.10033,-0.066097,-0.033162,-0.0025281,0.025044,0.049037,0.069174,0.0854,0.097856,0.10684,0.11274,0.11601,-0.21746,-0.22393,-0.22772,-0.22808,-0.22434,-0.21604,-0.20301,-0.18543,-0.16384,-0.13905,-0.11205,-0.083912,-0.05568,-0.028303,-0.0025896,0.020821,0.041473,0.059097,0.073597,0.085035,0.093597,0.099563,0.10327,-0.18974,-0.19364,-0.19524,-0.19402,-0.18956,-0.18157,-0.16998,-0.15493,-0.13683,-0.11625,-0.093914,-0.070619,-0.047155,-0.024259,-0.00258,0.017357,0.035161,0.050583,0.063508,0.073947,0.082013,0.087897,0.09184,-0.16614,-0.16823,-0.16836,-0.16619,-0.16142,-0.15388,-0.14355,-0.13057,-0.11522,-0.097943,-0.079278,-0.059817,-0.040164,-0.020895,-0.0025239,0.014519,0.029904,0.043409,0.054915,0.064402,0.071932,0.077631,0.081673
-0.70453,-0.86686,-1.0833,-1.3627,-1.6751,-1.8829,-1.8014,-1.4798,-1.1124,-0.79403,-0.53644,-0.32835,-0.15789,-0.017119,0.098067,0.18918,0.25664,0.30126,0.32519,0.33205,0.32627,0.31215,0.2933,-0.63811,-0.76271,-0.91458,-1.0867,-1.2477,-1.3326,-1.2813,-1.1083,-0.88289,-0.65964,-0.46024,-0.28829,-0.14154,-0.017313,0.085927,0.16861,0.23077,0.27299,0.29701,0.30578,0.30294,0.29215,0.27655,-0.56529,-0.6561,-0.75748,-0.85982,-0.94236,-0.97551,-0.93748,-0.83314,-0.68924,-0.53346,-0.38296,-0.24532,-0.12304,-0.016758,0.073175,0.1463,0.20232,0.24153,0.26525,0.27574,0.27587,0.26859,0.25652,-0.49396,-0.55815,-0.6243,-0.68463,-0.72686,-0.73697,-0.70599,-0.63585,-0.53807,-0.42678,-0.31329,-0.20464,-0.10473,-0.015705,0.061035,0.12449,0.1741,0.20995,0.23292,0.24468,0.2474,0.24339,0.23475,-0.42841,-0.47298,-0.51564,-0.55094,-0.57174,-0.57098,-0.54456,-0.49338,-0.42299,-0.34097,-0.25444,-0.16887,-0.088006,-0.014388,0.050211,0.10456,0.14795,0.18028,0.20211,0.21461,0.21936,0.21812,0.21254,-0.37037,-0.40092,-0.42813,-0.44832,-0.45731,-0.45131,-0.4283,-0.38878,-0.33572,-0.27343,-0.20646,-0.13877,-0.073488,-0.012986,0.040974,0.087142,0.12477,0.15362,0.17402,0.18676,0.19295,0.19389,0.19087,-0.32003,-0.34071,-0.35774,-0.36867,-0.37098,-0.36255,-0.34232,-0.31064,-0.26922,-0.22069,-0.16804,-0.11408,-0.061267,-0.011615,0.033312,0.072364,0.10482,0.13038,0.14918,0.16174,0.16883,0.1714,0.17041,-0.27687,-0.29063,-0.30091,-0.30609,-0.3046,-0.29522,-0.27736,-0.2513,-0.21812,-0.17952,-0.1375,-0.094088,-0.051162,-0.010338,0.027067,0.060057,0.087972,0.11049,0.12764,0.13972,0.14728,0.15097,0.15153,-0.24006,-0.24898,-0.25477,-0.25635,-0.25273,-0.24318,-0.22739,-0.20558,-0.17848,-0.14724,-0.11326,-0.078002,-0.042886,-0.0091845,0.02203,0.049922,0.073914,0.093693,0.10921,0.12062,0.12831,0.13272,0.13441,-0.20875,-0.21426,-0.21705,-0.2164,-0.21165,-0.20236,-0.18838,-0.1699,-0.14743,-0.12179,-0.093978,-0.065067,-0.036131,-0.0081614,0.017986,0.041624,0.062259,0.0796,0.093553,0.1042,0.11177,0.1166,0.11907,-0.1821,-0.18523,-0.18603,-0.184,-0.17872,-0.16992,-0.15754,-0.14172,-0.12287,-0.10158,-0.078567,-0.054642,-0.030618,-0.0072637,0.014742,0.034843,0.052623,0.067821,0.080324,0.090158,0.097464,0.10247,0.10545,-0.15939,-0.16085,-0.16034,-0.15749,-0.15205,-0.14385,-0.13287,-0.11924,-0.10327,-0.085399,-0.066175,-0.046204,-0.026107,-0.0064805,0.012138,0.0293,0.04466,0.057987,0.069165,0.078184,0.085125,0.090141,0.093432
-0.63954,-0.76823,-0.92716,-1.1103,-1.2848,-1.3778,-1.3194,-1.1255,-0.87578,-0.62997,-0.40994,-0.21792,-0.050769,0.093967,0.21631,0.31402,0.38421,0.42566,0.44052,0.43414,0.41337,0.3846,0.35264,-0.58342,-0.68455,-0.80094,-0.92294,-1.0257,-1.0696,-1.0235,-0.894,-0.71833,-0.53195,-0.3542,-0.19203,-0.046977,0.08048,0.18906,0.27647,0.34037,0.37986,0.39665,0.39488,0.37995,0.35709,0.33045,-0.52069,-0.59601,-0.67654,-0.75328,-0.81002,-0.82635,-0.78832,-0.69872,-0.57472,-0.43594,-0.29643,-0.16385,-0.04201,0.066815,0.16049,0.23674,0.29366,0.33059,0.34879,0.35127,0.34208,0.32529,0.30431,-0.45805,-0.51219,-0.56604,-0.61273,-0.64231,-0.64416,-0.61172,-0.54625,-0.45607,-0.35201,-0.24345,-0.13693,-0.036691,0.054282,0.13353,0.19892,0.24886,0.28283,0.30168,0.30752,0.30326,0.29197,0.27636,-0.3995,-0.43749,-0.47265,-0.50016,-0.51401,-0.50849,-0.48029,-0.43008,-0.36221,-0.28287,-0.19816,-0.11312,-0.031579,0.043509,0.10975,0.16523,0.20861,0.23942,0.25819,0.26636,0.26597,0.25926,0.24832,-0.34692,-0.37306,-0.39548,-0.41089,-0.41563,-0.40651,-0.38179,-0.34188,-0.28924,-0.22758,-0.16094,-0.093025,-0.026971,0.034629,0.089654,0.13644,0.17388,0.20153,0.21966,0.22922,0.23164,0.22851,0.22141,-0.30081,-0.31843,-0.33224,-0.34003,-0.33952,-0.32886,-0.30711,-0.27457,-0.23274,-0.18398,-0.13101,-0.076518,-0.022975,0.027494,0.07311,0.11248,0.14468,0.16927,0.18638,0.19661,0.20092,0.20046,0.19638,-0.26092,-0.27249,-0.28051,-0.2835,-0.28001,-0.26894,-0.24978,-0.22277,-0.1889,-0.14973,-0.10716,-0.063153,-0.019586,0.021846,0.059701,0.092841,0.12048,0.14224,0.15811,0.16847,0.17396,0.17539,0.1736,-0.22667,-0.23396,-0.23811,-0.23809,-0.23298,-0.22212,-0.20523,-0.18252,-0.15468,-0.12281,-0.088229,-0.0524,-0.016748,0.017407,0.048918,0.076866,0.1006,0.11977,0.13431,0.14444,0.15058,0.15329,0.15319,-0.19737,-0.20166,-0.20321,-0.20134,-0.19545,-0.18512,-0.17023,-0.15095,-0.12779,-0.10154,-0.07317,-0.043757,-0.014384,0.013926,0.040272,0.063916,0.084324,0.10118,0.11439,0.12406,0.13047,0.134,0.1351,-0.17234,-0.17452,-0.17436,-0.17138,-0.16521,-0.15557,-0.14243,-0.12593,-0.10648,-0.084639,-0.061143,-0.036794,-0.012418,0.011194,0.033335,0.053417,0.071002,0.085814,0.097742,0.10683,0.11324,0.11725,0.11918,-0.15095,-0.15166,-0.15038,-0.14679,-0.14063,-0.13175,-0.12014,-0.10594,-0.089449,-0.071115,-0.051481,-0.031159,-0.010781,0.0090416,0.027754,0.044887,0.060082,0.073102,0.08383,0.09227,0.098524,0.10277,0.10523
-0.56308,-0.65785,-0.76536,-0.87565,-0.96526,-0.99875,-0.94871,-0.82024,-0.64512,-0.45494,-0.26762,-0.089907,0.076312,0.22927,0.3646,0.47467,0.55071,0.58756,0.58762,0.5602,0.51689,0.46742,0.41808,-0.51813,-0.59449,-0.67652,-0.7549,-0.8124,-0.82689,-0.78289,-0.68308,-0.54563,-0.39109,-0.23367,-0.080796,0.063812,0.19705,0.31449,0.41002,0.47734,0.513,0.51878,0.50129,0.46909,0.42986,0.38903,-0.46672,-0.52496,-0.58379,-0.63555,-0.66862,-0.67003,-0.63143,-0.55413,-0.44804,-0.32571,-0.19748,-0.070213,0.051599,0.16419,0.26339,0.34444,0.40296,0.43677,0.44709,0.43836,0.41657,0.38743,0.35539,-0.41417,-0.45683,-0.49715,-0.52939,-0.54607,-0.53968,-0.50573,-0.44487,-0.36256,-0.26638,-0.16353,-0.059678,0.040782,0.13409,0.21655,0.2845,0.33491,0.36636,0.37964,0.37764,0.36442,0.34409,0.32009,-0.364,-0.39429,-0.42089,-0.43973,-0.44606,-0.43551,-0.4056,-0.35671,-0.29198,-0.21609,-0.13398,-0.050087,0.031789,0.10829,0.17629,0.23297,0.2762,0.30498,0.3198,0.3225,0.31578,0.30254,0.28535,-0.31813,-0.33903,-0.35586,-0.36582,-0.36586,-0.3534,-0.32705,-0.28708,-0.23541,-0.17503,-0.10938,-0.041806,0.024603,0.087038,0.14297,0.19022,0.22722,0.25324,0.26852,0.27423,0.27216,0.26431,0.25259,-0.27728,-0.29127,-0.30131,-0.30549,-0.30184,-0.28882,-0.26562,-0.23249,-0.19067,-0.14218,-0.089408,-0.034876,0.018995,0.069957,0.116,0.15545,0.18711,0.21041,0.22543,0.2329,0.23399,0.2301,0.22259,-0.24152,-0.25049,-0.25589,-0.25637,-0.25068,-0.23786,-0.21746,-0.1897,-0.15545,-0.11611,-0.073392,-0.029177,0.014672,0.056396,0.094423,0.12746,0.15457,0.17529,0.1896,0.19795,0.2011,0.20001,0.19567,-0.21051,-0.2159,-0.21815,-0.21633,-0.20961,-0.19741,-0.17948,-0.15603,-0.12769,-0.095462,-0.060608,-0.024527,0.011358,0.045687,0.07724,0.10501,0.12827,0.14661,0.15997,0.1686,0.17301,0.17385,0.17183,-0.18378,-0.18664,-0.18678,-0.18357,-0.17646,-0.16509,-0.14934,-0.12939,-0.10572,-0.079078,-0.050403,-0.020742,0.0088195,0.037235,0.063559,0.087007,0.107,0.12319,0.1355,0.14404,0.14915,0.15127,0.15091,-0.1608,-0.16189,-0.16065,-0.15666,-0.14954,-0.13908,-0.12522,-0.10815,-0.088225,-0.066016,-0.042228,-0.017656,0.00687,0.030546,0.052639,0.072534,0.089767,0.10405,0.11527,0.1235,0.12893,0.13186,0.13266,-0.14106,-0.14093,-0.13882,-0.13443,-0.12753,-0.11799,-0.10579,-0.091098,-0.074202,-0.055538,-0.035645,-0.015132,0.0053666,0.025228,0.043884,0.060849,0.075752,0.088347,0.098524,0.1063,0.11179,0.1152,0.11679
-0.48425,-0.55011,-0.61851,-0.68065,-0.72182,-0.72439,-0.67624,-0.57865,-0.44452,-0.28921,-0.12375,0.04619,0.21777,0.38743,0.54709,0.68148,0.77074,0.80115,0.77624,0.71461,0.63736,0.55924,0.48766,-0.44953,-0.50374,-0.55757,-0.60348,-0.63028,-0.62566,-0.58156,-0.49867,-0.38549,-0.25299,-0.11012,0.037317,0.18535,0.32946,0.46224,0.57236,0.64686,0.67752,0.66662,0.6258,0.56937,0.50863,0.45029,-0.40888,-0.45109,-0.49072,-0.52176,-0.53625,-0.52612,-0.48632,-0.4172,-0.32406,-0.21429,-0.094806,0.029029,0.1528,0.27179,0.37972,0.46858,0.53032,0.56025,0.55976,0.53579,0.49753,0.45303,0.40786,-0.36632,-0.39772,-0.42528,-0.44448,-0.44987,-0.43631,-0.40074,-0.34336,-0.26742,-0.17788,-0.079877,0.02197,0.12346,0.22021,0.30723,0.37894,0.43035,0.45874,0.46495,0.45307,0.42884,0.39781,0.36424,-0.32477,-0.34722,-0.36534,-0.37586,-0.37512,-0.35989,-0.32832,-0.28056,-0.21871,-0.14608,-0.06649,0.016312,0.098672,0.17688,0.24703,0.30528,0.3484,0.37476,0.38481,0.381,0.3669,0.34623,0.32216,-0.286,-0.30142,-0.31255,-0.31704,-0.31246,-0.29679,-0.26892,-0.22899,-0.17842,-0.11951,-0.055071,0.011948,0.078553,0.14174,0.19855,0.24623,0.28265,0.30673,0.31869,0.32,0.31289,0.29986,0.28318,-0.25089,-0.26099,-0.26711,-0.26758,-0.26079,-0.24546,-0.22094,-0.18739,-0.14582,-0.097866,-0.045612,0.0086587,0.062583,0.11381,0.16009,0.19944,0.23036,0.2521,0.26473,0.26913,0.26671,0.25915,0.24805,-0.21969,-0.22588,-0.2285,-0.22638,-0.21847,-0.20393,-0.18242,-0.15409,-0.1197,-0.080452,-0.037899,0.0062115,0.05005,0.0918,0.12976,0.16247,0.18885,0.20832,0.22087,0.22701,0.22765,0.22391,0.21693,-0.19233,-0.19568,-0.19591,-0.19222,-0.18388,-0.17037,-0.15152,-0.12749,-0.09885,-0.066516,-0.031655,0.0044022,0.040251,0.074502,0.10587,0.13325,0.15583,0.17317,0.1852,0.19222,0.19479,0.19368,0.18969,-0.16851,-0.16985,-0.1685,-0.1639,-0.15557,-0.14319,-0.12667,-0.10619,-0.082188,-0.055364,-0.026607,0.0030675,0.032586,0.060885,0.086984,0.11005,0.12946,0.14486,0.15613,0.16346,0.1672,0.16786,0.16601,-0.14788,-0.1478,-0.14544,-0.1404,-0.13234,-0.12109,-0.10661,-0.089071,-0.068825,-0.046414,-0.022519,0.0020827,0.026567,0.050122,0.071994,0.091545,0.10829,0.12193,0.13235,0.13964,0.14402,0.14584,0.1455,-0.13004,-0.12901,-0.12603,-0.12083,-0.11321,-0.10303,-0.090328,-0.075237,-0.058052,-0.039195,-0.019193,0.0013552,0.021817,0.041565,0.060022,0.076689,0.091185,0.10326,0.11281,0.11985,0.12453,0.12708,0.12779
-0.40899,-0.45226,-0.49289,-0.52426,-0.53734,-0.52266,-0.47391,-0.39071,-0.27791,-0.1421,0.011666,0.18113,0.36579,0.56379,0.76583,0.94687,1.0651,1.0861,1.0168,0.89888,0.77168,0.65578,0.55748,-0.38279,-0.41892,-0.45141,-0.47462,-0.48135,-0.46441,-0.41912,-0.34513,-0.24598,-0.12687,0.0075704,0.15413,0.31025,0.47165,0.62879,0.76363,0.85193,0.87624,0.84016,0.76558,0.67662,0.58923,0.51072,-0.35144,-0.37993,-0.40404,-0.41925,-0.42013,-0.40155,-0.36025,-0.29593,-0.21111,-0.10971,0.0041933,0.12702,0.25516,0.38357,0.50413,0.60485,0.67224,0.69764,0.6829,0.63927,0.58073,0.51834,0.45869,-0.31786,-0.33919,-0.3558,-0.36423,-0.36054,-0.34121,-0.30406,-0.24892,-0.17753,-0.092874,0.0016451,0.10254,0.20605,0.30745,0.40046,0.47733,0.53049,0.55547,0.55324,0.5297,0.49287,0.45003,0.40632,-0.28435,-0.29951,-0.31,-0.31321,-0.30638,-0.28714,-0.25407,-0.20712,-0.14757,-0.077645,-0.00014708,0.08185,0.16494,0.24515,0.31784,0.37797,0.42111,0.4448,0.44952,0.4385,0.4164,0.3879,0.35676,-0.25244,-0.26262,-0.2684,-0.26787,-0.25914,-0.24061,-0.2114,-0.17155,-0.12203,-0.064544,-0.0013332,0.065044,0.13174,0.19559,0.25322,0.30128,0.33701,0.35896,0.36734,0.36396,0.35161,0.33328,0.31164,-0.22302,-0.22933,-0.23166,-0.22863,-0.21892,-0.20151,-0.17585,-0.14204,-0.10085,-0.053609,-0.0020709,0.051705,0.10544,0.1567,0.20301,0.24207,0.27209,0.29211,0.30221,0.30342,0.29743,0.2862,0.27156,-0.19649,-0.1999,-0.19979,-0.19518,-0.18517,-0.16908,-0.14661,-0.1179,-0.083561,-0.044635,-0.0024939,0.041243,0.084795,0.12631,0.16397,0.19615,0.22162,0.2397,0.25039,0.25427,0.25239,0.24604,0.23649,-0.17291,-0.1742,-0.17244,-0.16693,-0.15705,-0.14236,-0.12272,-0.09828,-0.069545,-0.03733,-0.0027044,0.033072,0.068626,0.10255,0.1335,0.1603,0.18206,0.19829,0.2089,0.21425,0.21499,0.21197,0.20608,-0.15216,-0.15195,-0.14912,-0.14317,-0.13368,-0.1204,-0.10323,-0.082367,-0.058207,-0.031399,-0.0027754,0.026689,0.055939,0.083909,0.10959,0.13211,0.1508,0.16529,0.17547,0.18154,0.18391,0.18314,0.17986,-0.13402,-0.13277,-0.12929,-0.12322,-0.11429,-0.10232,-0.087321,-0.069441,-0.049023,-0.026578,-0.0027578,0.021685,0.045941,0.069194,0.090683,0.10975,0.12589,0.13879,0.14836,0.15468,0.15801,0.15874,0.1573,-0.11823,-0.11628,-0.11244,-0.10646,-0.09815,-0.08742,-0.074288,-0.058907,-0.041558,-0.022647,-0.0026856,0.017743,0.038013,0.057502,0.075624,0.091876,0.10587,0.11735,0.12621,0.1325,0.13637,0.13807,0.13791
-0.34037,-0.36675,-0.38815,-0.39981,-0.39596,-0.37099,-0.32095,-0.24456,-0.14282,-0.017376,0.1313,0.30512,0.50837,0.74533,1.012,1.2757,1.4542,1.4602,1.3108,1.1037,0.9088,0.74811,0.62123,-0.32089,-0.34301,-0.35996,-0.36763,-0.36125,-0.33628,-0.28961,-0.22021,-0.12898,-0.017613,0.11257,0.26121,0.42832,0.61177,0.80188,0.97344,1.0848,1.1012,1.0291,0.90952,0.78114,0.66425,0.56505,-0.29713,-0.31455,-0.32674,-0.33032,-0.32156,-0.29698,-0.25427,-0.1927,-0.11306,-0.017036,0.093537,0.21685,0.35055,0.49006,0.62596,0.74193,0.81736,0.83782,0.80596,0.73943,0.65857,0.57763,0.50372,-0.27116,-0.28401,-0.29177,-0.29178,-0.28118,-0.25746,-0.21897,-0.16526,-0.097054,-0.015926,0.076093,0.17659,0.28241,0.38877,0.48832,0.57106,0.62643,0.64788,0.63655,0.60067,0.55096,0.4965,0.44315,-0.2447,-0.25351,-0.25753,-0.25472,-0.24298,-0.22054,-0.18626,-0.13993,-0.082217,-0.014545,0.061129,0.14236,0.22604,0.30806,0.38314,0.4451,0.48821,0.50916,0.50848,0.49028,0.4604,0.42447,0.3868,-0.21902,-0.22448,-0.22556,-0.22073,-0.20849,-0.18761,-0.15735,-0.11766,-0.069159,-0.013086,0.048816,0.11435,0.18083,0.24501,0.30314,0.35132,0.3862,0.40596,0.4108,0.40291,0.38561,0.36239,0.33624,-0.19493,-0.19774,-0.19664,-0.19051,-0.17828,-0.15912,-0.13257,-0.098684,-0.058033,-0.011668,0.038934,0.09193,0.14514,0.19607,0.24209,0.2806,0.30954,0.32779,0.3354,0.33357,0.32426,0.30967,0.29186,-0.17286,-0.17366,-0.17104,-0.16418,-0.15232,-0.13491,-0.11171,-0.082814,-0.048737,-0.010357,0.031113,0.074184,0.11714,0.1581,0.19517,0.22659,0.25099,0.26763,0.27647,0.27819,0.27398,0.26525,0.2534,-0.15298,-0.15232,-0.1487,-0.14152,-0.13026,-0.11458,-0.094336,-0.06968,-0.041054,-0.0091805,0.024962,0.060193,0.095181,0.12852,0.15882,0.18484,0.20564,0.22068,0.22988,0.23364,0.23268,0.22791,0.22031,-0.13529,-0.1336,-0.12937,-0.12217,-0.11166,-0.097597,-0.079947,-0.058866,-0.034734,-0.0081419,0.020131,0.049158,0.077914,0.10534,0.1304,0.15221,0.17008,0.18359,0.19267,0.19753,0.19861,0.19653,0.19194,-0.11968,-0.11729,-0.11274,-0.10573,-0.096006,-0.083446,-0.068048,-0.049972,-0.029541,-0.0072346,0.016329,0.040426,0.064266,0.087043,0.10799,0.12644,0.14188,0.15399,0.16268,0.16805,0.17039,0.1701,0.16765,-0.10596,-0.10314,-0.098481,-0.091771,-0.082853,-0.071652,-0.058201,-0.042649,-0.025267,-0.006446,0.013325,0.03348,0.053409,0.072496,0.090157,0.10589,0.11929,0.13013,0.13828,0.14382,0.1469,0.14781,0.14685
-0.27956,-0.2936,-0.30178,-0.30064,-0.28631,-0.25507,-0.20397,-0.13124,-0.035868,0.083372,0.22925,0.4075,0.62796,0.90428,1.2466,1.6283,1.9125,1.8956,1.6183,1.294,1.0253,0.82214,0.67066,-0.26524,-0.27682,-0.28267,-0.27977,-0.26482,-0.23468,-0.18698,-0.1203,-0.034053,0.072205,0.19951,0.34998,0.52649,0.73028,0.95392,1.1673,1.3078,1.3155,1.2012,1.0331,0.86642,0.72329,0.60687,-0.24748,-0.25627,-0.25957,-0.25484,-0.23939,-0.21075,-0.16706,-0.10734,-0.031348,0.060701,0.16855,0.29189,0.42973,0.57838,0.72794,0.85849,0.94209,0.95773,0.90902,0.82095,0.72024,0.62364,0.53822,-0.2277,-0.23373,-0.2346,-0.22827,-0.21263,-0.18579,-0.14641,-0.093859,-0.0282,0.049949,0.13957,0.23913,0.34611,0.45586,0.56037,0.64778,0.70483,0.72289,0.70338,0.65676,0.59622,0.53231,0.47135,-0.20718,-0.21071,-0.2095,-0.20196,-0.18647,-0.16167,-0.12661,-0.080953,-0.024967,0.040528,0.1142,0.19412,0.2775,0.36023,0.43656,0.49944,0.54207,0.56039,0.55499,0.53075,0.49451,0.45267,0.40988,-0.18691,-0.18833,-0.18549,-0.17716,-0.16215,-0.13949,-0.10857,-0.069237,-0.021883,0.03262,0.092912,0.15711,0.2227,0.28642,0.34429,0.39198,0.42571,0.44333,0.44507,0.4334,0.41207,0.38496,0.35529,-0.16758,-0.16732,-0.16329,-0.15457,-0.14029,-0.11979,-0.092678,-0.058969,-0.019077,0.026161,0.075501,0.12729,0.17946,0.22952,0.27471,0.31227,0.33992,0.3564,0.36179,0.35739,0.34535,0.32807,0.30776,-0.1496,-0.14807,-0.14326,-0.13447,-0.12109,-0.10267,-0.078999,-0.05017,-0.016596,0.020973,0.061468,0.10352,0.14548,0.18549,0.2216,0.25197,0.27516,0.29033,0.29748,0.29734,0.29118,0.2805,0.26681,-0.1332,-0.13076,-0.12548,-0.11686,-0.10447,-0.088008,-0.067386,-0.042736,-0.014444,0.016843,0.050236,0.08463,0.11875,0.15119,0.18058,0.20562,0.22534,0.23917,0.24705,0.24939,0.24696,0.24075,0.23175,-0.11842,-0.11537,-0.10988,-0.1016,-0.090219,-0.075565,-0.057609,-0.036503,-0.012596,0.013568,0.041266,0.069621,0.097644,0.12429,0.14854,0.16949,0.18643,0.19895,0.20697,0.21072,0.21067,0.20747,0.2018,-0.10525,-0.10181,-0.096303,-0.088457,-0.078077,-0.065056,-0.049411,-0.031297,-0.011019,0.010972,0.034094,0.057655,0.080893,0.10302,0.12327,0.14098,0.15564,0.16694,0.17476,0.17925,0.1807,0.17953,0.17622,-0.093572,-0.089934,-0.084533,-0.077184,-0.067757,-0.056197,-0.042546,-0.026952,-0.009676,0.0089108,0.028341,0.048071,0.067511,0.086057,0.10314,0.11825,0.13101,0.14117,0.14862,0.15344,0.1558,0.156,0.15435
-0.22666,-0.2318,-0.23092,-0.22146,-0.20063,-0.16573,-0.11435,-0.044443,0.045991,0.15968,0.30123,0.4786,0.70508,1.0008,1.3886,1.8574,2.2385,2.2006,1.8114,1.4028,1.0889,0.8622,0.69776,-0.21623,-0.22003,-0.21806,-0.20806,-0.18761,-0.15438,-0.10638,-0.042025,0.040063,0.14149,0.26465,0.41316,0.59169,0.8038,1.0444,1.282,1.4409,1.442,1.2995,1.1015,0.91298,0.75567,0.63022,-0.20311,-0.20537,-0.2022,-0.19167,-0.17176,-0.1406,-0.096631,-0.038712,0.033939,0.12197,0.22605,0.34686,0.48425,0.63527,0.79005,0.92696,1.0139,1.0257,0.96667,0.86617,0.75449,0.64949,0.55799,-0.18827,-0.18897,-0.18466,-0.17375,-0.15461,-0.12579,-0.086146,-0.034941,0.028138,0.10305,0.18943,0.28634,0.3917,0.5011,0.60629,0.69452,0.75111,0.76631,0.74165,0.68879,0.6222,0.55312,0.48804,-0.17262,-0.17191,-0.16664,-0.15555,-0.13739,-0.11105,-0.07575,-0.031073,0.022966,0.085929,0.15691,0.23436,0.31575,0.39707,0.47241,0.53433,0.57549,0.59146,0.58284,0.55489,0.51495,0.46973,0.42407,-0.15691,-0.155,-0.14903,-0.13799,-0.12096,-0.097128,-0.065989,-0.02736,0.018546,0.071101,0.12922,0.19127,0.25492,0.31695,0.37332,0.41955,0.45162,0.46726,0.46669,0.45252,0.42869,0.39922,0.36747,-0.14169,-0.13884,-0.13242,-0.12165,-0.10584,-0.084452,-0.05716,-0.023946,0.014876,0.05863,0.10625,0.15626,0.20669,0.25512,0.29878,0.33483,0.36092,0.37574,0.37933,0.37309,0.35922,0.34022,0.31832,-0.12734,-0.12381,-0.11716,-0.10682,-0.09229,-0.073198,-0.049376,-0.020898,0.011886,0.04833,0.087483,0.12808,0.16858,0.20715,0.24186,0.27086,0.29266,0.30643,0.31215,0.31057,0.303,0.29099,0.27607,-0.11407,-0.11009,-0.10341,-0.093613,-0.080347,-0.063377,-0.042629,-0.018227,0.0094801,0.039914,0.072265,0.1055,0.13841,0.16964,0.19781,0.22166,0.2402,0.25285,0.25955,0.26074,0.25719,0.24991,0.23993,-0.10198,-0.097732,-0.091171,-0.081991,-0.06995,-0.054903,-0.036842,-0.015915,0.0075566,0.033073,0.059962,0.0874,0.11444,0.14008,0.16332,0.18326,0.1992,0.21073,0.21778,0.22058,0.21962,0.21555,0.20908,-0.091088,-0.086723,-0.080385,-0.071854,-0.060966,-0.047643,-0.031912,-0.013928,0.0060239,0.027521,0.050014,0.07285,0.0953,0.1166,0.13601,0.15288,0.16671,0.17717,0.18419,0.1879,0.18859,0.18671,0.18273,-0.081346,-0.076981,-0.070937,-0.063059,-0.053241,-0.041446,-0.027726,-0.012226,0.0048035,0.02301,0.041951,0.061108,0.079915,0.097792,0.11418,0.1286,0.14066,0.15013,0.15691,0.16107,0.16281,0.16241,0.1602
-0.18121,-0.18002,-0.17301,-0.15822,-0.13356,-0.096927,-0.046259,0.020485,0.10564,0.21241,0.34574,0.51358,0.72835,1.0078,1.3693,1.7951,2.1293,2.0968,1.7522,1.3759,1.0782,0.85906,0.69818,-0.17372,-0.17188,-0.16451,-0.14985,-0.12608,-0.091357,-0.04399,0.017621,0.095131,0.19056,0.30667,0.44723,0.6167,0.81798,1.0452,1.2673,1.4141,1.414,1.2797,1.091,0.90896,0.75541,0.63195,-0.16415,-0.16157,-0.15381,-0.13938,-0.11672,-0.084338,-0.0409,0.014735,0.083574,0.1666,0.26485,0.37922,0.50967,0.65323,0.80014,0.9295,1.0108,1.0206,0.96259,0.86447,0.75499,0.65149,0.56086,-0.15318,-0.14984,-0.14176,-0.12768,-0.10633,-0.076544,-0.037337,0.012027,0.072031,0.14291,0.22458,0.31637,0.41638,0.52036,0.62028,0.70378,0.75674,0.76981,0.7444,0.69164,0.62543,0.55668,0.49177,-0.14144,-0.13743,-0.12914,-0.11554,-0.095639,-0.068555,-0.033609,0.0096163,0.061233,0.12101,0.18826,0.26169,0.33893,0.41615,0.48763,0.54613,0.58454,0.59853,0.58868,0.56004,0.51971,0.47425,0.42837,-0.12948,-0.12493,-0.11657,-0.10358,-0.085203,-0.060807,-0.029948,0.007555,0.051581,0.10165,0.15687,0.21577,0.27618,0.33504,0.38844,0.43202,0.46186,0.47575,0.47387,0.45876,0.43425,0.40427,0.37209,-0.11773,-0.1128,-0.1045,-0.092223,-0.075395,-0.053577,-0.026506,0.0058432,0.043221,0.085059,0.13043,0.17798,0.22589,0.27184,0.31315,0.34708,0.37133,0.38461,0.38697,0.37975,0.36511,0.34549,0.32308,-0.1065,-0.10133,-0.093234,-0.081735,-0.066426,-0.047014,-0.023365,0.0044515,0.03613,0.071103,0.10851,0.14721,0.18572,0.22233,0.25517,0.28245,0.30272,0.31517,0.31977,0.31727,0.30893,0.29629,0.28083,-0.095989,-0.090721,-0.08292,-0.072236,-0.058382,-0.041172,-0.020558,0.0033371,0.030199,0.059503,0.090508,0.12226,0.15361,0.18329,0.20996,0.23241,0.24967,0.2612,0.26692,0.26726,0.263,0.2551,0.2446,-0.086304,-0.081049,-0.073618,-0.063757,-0.051267,-0.036041,-0.018085,0.0024543,0.025278,0.049925,0.075772,0.10205,0.12787,0.15228,0.17431,0.1931,0.20798,0.21856,0.22475,0.2268,0.22519,0.22055,0.21358,-0.077485,-0.072332,-0.065319,-0.056263,-0.045033,-0.031574,-0.015926,0.0017601,0.021213,0.042038,0.063722,0.085651,0.10714,0.12745,0.14589,0.16182,0.17477,0.18442,0.19071,0.19376,0.19387,0.19147,0.18703,-0.069526,-0.06454,-0.05797,-0.049686,-0.039605,-0.027708,-0.014052,0.0012173,0.01786,0.035545,0.053854,0.072298,0.09034,0.10743,0.12303,0.13668,0.14801,0.15679,0.16295,0.16654,0.16777,0.1669,0.16428
-0.14255,-0.13695,-0.12589,-0.10787,-0.081251,-0.044356,0.00455,0.067321,0.14616,0.24397,0.36495,0.51511,0.70266,0.9366,1.2187,1.5173,1.7262,1.7128,1.5018,1.2364,1.0019,0.81636,0.67354,-0.13724,-0.13142,-0.12043,-0.10291,-0.077417,-0.042493,0.0032981,0.061408,0.13341,0.22119,0.32711,0.45398,0.60444,0.77853,0.96769,1.1442,1.2569,1.2595,1.1601,1.0112,0.85902,0.72476,0.61317,-0.13038,-0.12432,-0.11344,-0.096559,-0.072455,-0.039927,0.0021475,0.054806,0.11903,0.19577,0.28593,0.39007,0.50758,0.63496,0.76279,0.87305,0.94158,0.95068,0.90318,0.81992,0.72407,0.63095,0.54754,-0.12241,-0.11612,-0.10542,-0.08931,-0.066787,-0.036909,0.0011486,0.048055,0.1043,0.17015,0.24555,0.32979,0.42094,0.51489,0.60425,0.67819,0.72481,0.73642,0.71415,0.66712,0.60708,0.5437,0.48296,-0.11376,-0.10731,-0.09687,-0.081633,-0.060805,-0.033675,0.00032324,0.041564,0.090183,0.14601,0.20847,0.27632,0.34737,0.41801,0.48301,0.53589,0.57041,0.58281,0.57356,0.54702,0.5094,0.46661,0.42302,-0.10484,-0.098297,-0.088207,-0.07392,-0.054827,-0.030418,-0.00032922,0.035597,0.077269,0.12428,0.17584,0.2306,0.28656,0.34087,0.38994,0.4298,0.45691,0.46928,0.46706,0.4525,0.42904,0.40029,0.36929,-0.095958,-0.089418,-0.079754,-0.066461,-0.049086,-0.027276,-0.00082416,0.030284,0.065829,0.10531,0.14789,0.19234,0.23697,0.27964,0.31787,0.34913,0.3713,0.3832,0.38487,0.37752,0.36314,0.34398,0.32209,-0.087363,-0.080912,-0.071736,-0.059452,-0.04373,-0.02434,-0.0011842,0.025662,0.055921,0.08908,0.12436,0.16071,0.19676,0.23093,0.26148,0.28674,0.30537,0.3166,0.32041,0.31749,0.30902,0.29642,0.28111,-0.079221,-0.072935,-0.064291,-0.053002,-0.038837,-0.021655,-0.0014341,0.021704,0.047467,0.075374,0.10475,0.13471,0.16419,0.19201,0.21692,0.2378,0.25372,0.26419,0.26913,0.26895,0.26437,0.25631,0.24574,-0.071636,-0.065576,-0.057487,-0.047159,-0.034436,-0.019241,-0.0015969,0.018352,0.040324,0.063891,0.088481,0.11338,0.13776,0.16072,0.18138,0.19892,0.2127,0.22237,0.22785,0.22935,0.22735,0.22244,0.21529,-0.064659,-0.058869,-0.051342,-0.041926,-0.030522,-0.017093,-0.0016929,0.015531,0.034321,0.054309,0.075018,0.095874,0.11624,0.13542,0.15277,0.1677,0.17974,0.18862,0.19426,0.19679,0.19649,0.19377,0.1891,-0.058303,-0.052814,-0.045841,-0.037279,-0.027066,-0.015198,-0.0017389,0.013167,0.029292,0.046324,0.063871,0.081476,0.098636,0.11483,0.12956,0.14239,0.15298,0.1611,0.16668,0.1698,0.17062,0.16943,0.16655
-0.10993,-0.10134,-0.087765,-0.068007,-0.040789,-0.0047728,0.041452,0.099421,0.17092,0.25816,0.36399,0.49188,0.64531,0.82541,1.0243,1.2126,1.3328,1.3318,1.2191,1.055,0.89061,0.7478,0.63043,-0.10625,-0.097712,-0.084442,-0.065366,-0.03935,-0.0052354,0.038149,0.092002,0.15761,0.23639,0.32991,0.43959,0.56589,0.70622,0.85089,0.9785,1.0574,1.063,0.99938,0.8953,0.78052,0.67271,0.57866,-0.10143,-0.092965,-0.08009,-0.061868,-0.037335,-0.0055349,0.034444,0.083456,0.1423,0.21167,0.29208,0.38349,0.48458,0.59137,0.69542,0.78277,0.83668,0.84572,0.81166,0.74803,0.67121,0.59341,0.52129,-0.095767,-0.087407,-0.075007,-0.057775,-0.034916,-0.0056793,0.0306,0.074468,0.12631,0.1863,0.25422,0.32921,0.40925,0.49045,0.56642,0.62847,0.66761,0.67821,0.66105,0.62276,0.5723,0.51752,0.46374,-0.089545,-0.081344,-0.069494,-0.053344,-0.032264,-0.005689,0.026831,0.065594,0.11069,0.16193,0.21872,0.27986,0.34328,0.40572,0.46264,0.50864,0.53868,0.5498,0.54233,0.51968,0.48686,0.44882,0.4094,-0.083042,-0.075055,-0.063815,-0.0488,-0.029527,-0.0055904,0.023289,0.057225,0.096114,0.13957,0.18685,0.23672,0.28732,0.33612,0.37996,0.4154,0.4395,0.45056,0.44871,0.43579,0.41468,0.3885,0.35994,-0.076491,-0.068773,-0.058186,-0.044322,-0.026822,-0.005411,0.020063,0.04959,0.082955,0.1197,0.15905,0.19988,0.24067,0.27947,0.31409,0.3423,0.36226,0.37295,0.37437,0.36757,0.35426,0.33643,0.31592,-0.070075,-0.062673,-0.052764,-0.040037,-0.024233,-0.0051764,0.017193,0.04279,0.07135,0.1024,0.13523,0.16887,0.2021,0.23346,0.26141,0.28444,0.30135,0.31148,0.3148,0.31189,0.30382,0.29185,0.27726,-0.063928,-0.05688,-0.047658,-0.036029,-0.021813,-0.004908,0.014685,0.036839,0.061278,0.087558,0.11506,0.14297,0.17033,0.19606,0.21903,0.2382,0.25276,0.26226,0.26662,0.2662,0.26165,0.25381,0.24358,-0.05814,-0.051472,-0.042929,-0.032341,-0.019589,-0.0046227,0.01252,0.031693,0.052632,0.07494,0.098088,0.12142,0.14418,0.16555,0.18471,0.20092,0.2136,0.22242,0.2273,0.22846,0.2263,0.22139,0.21434,-0.052762,-0.046489,-0.038606,-0.028992,-0.017573,-0.0043331,0.010667,0.027279,0.045261,0.064268,0.08386,0.10351,0.12262,0.14057,0.15675,0.17061,0.18175,0.18989,0.19497,0.19711,0.19657,0.19373,0.18902,-0.047816,-0.041943,-0.034691,-0.025978,-0.015761,-0.0040481,0.0090901,0.023512,0.039002,0.055266,0.071941,0.088602,0.10478,0.12001,0.13381,0.14578,0.15561,0.1631,0.16818,0.1709,0.17145,0.17007,0.16708
-0.082609,-0.072117,-0.057133,-0.03672,-0.0098839,0.024419,0.067279,0.11986,0.18342,0.25939,0.34926,0.45434,0.57482,0.70781,0.84367,0.96216,1.0346,1.0393,0.97989,0.88193,0.77258,0.66867,0.57716,-0.080143,-0.069851,-0.055299,-0.035638,-0.0099834,0.022566,0.062914,0.11197,0.17062,0.23976,0.3201,0.41184,0.5139,0.62243,0.72878,0.81825,0.87284,0.88016,0.84216,0.77357,0.69192,0.61003,0.53467,-0.076861,-0.066827,-0.052819,-0.034096,-0.0099019,0.020504,0.057825,0.1027,0.15566,0.2171,0.28707,0.36498,0.449,0.5352,0.61664,0.68333,0.72458,0.73354,0.71121,0.66569,0.60764,0.54601,0.48654,-0.072951,-0.063227,-0.049856,-0.032209,-0.009665,0.018358,0.052368,0.09276,0.13977,0.1934,0.25326,0.31832,0.38655,0.45446,0.51685,0.5672,0.59917,0.60896,0.59704,0.56787,0.52778,0.48274,0.43718,-0.068605,-0.059242,-0.046579,-0.030098,-0.0093054,0.016232,0.046854,0.082759,0.12396,0.1702,0.22086,0.27476,0.32997,0.38366,0.43208,0.47098,0.49656,0.5066,0.50133,0.48323,0.45609,0.42379,0.38958,-0.064008,-0.055049,-0.043142,-0.027871,-0.0088573,0.014206,0.041521,0.073143,0.10894,0.14851,0.19115,0.23571,0.28052,0.32339,0.36163,0.39247,0.41353,0.42347,0.42236,0.41164,0.3936,0.37076,0.34543,-0.059321,-0.050803,-0.039678,-0.025621,-0.0083529,0.012332,0.036531,0.064203,0.095128,0.12886,0.1647,0.20161,0.23824,0.27288,0.30365,0.32867,0.34641,0.35602,0.35749,0.35167,0.33996,0.32403,0.30548,-0.054679,-0.046626,-0.036289,-0.02342,-0.0078198,0.010637,0.031976,0.056097,0.08274,0.11147,0.14162,0.17234,0.20251,0.23087,0.25605,0.27675,0.29197,0.30111,0.30414,0.30156,0.29426,0.28334,0.26991,-0.050182,-0.042609,-0.033049,-0.021318,-0.0072798,0.0091324,0.027896,0.048878,0.071815,0.096294,0.12175,0.14745,0.17253,0.19602,0.21693,0.23435,0.24757,0.25617,0.26011,0.25967,0.25543,0.24812,0.23854,-0.045902,-0.038813,-0.030006,-0.019347,-0.0067493,0.0078142,0.024291,0.042535,0.062294,0.083201,0.10477,0.12641,0.14744,0.16712,0.18471,0.19955,0.21114,0.21917,0.22358,0.22455,0.22243,0.21774,0.21103,-0.041886,-0.035277,-0.027188,-0.017526,-0.0062395,0.0066709,0.021136,0.03701,0.054064,0.071976,0.090343,0.10868,0.12645,0.14309,0.15805,0.17084,0.18107,0.18853,0.19313,0.195,0.19436,0.19155,0.18698,-0.038159,-0.032017,-0.024606,-0.015862,-0.0057574,0.0056865,0.018395,0.032229,0.046985,0.062389,0.078105,0.093744,0.10888,0.12308,0.13591,0.14702,0.1561,0.16299,0.16762,0.17004,0.17041,0.16897,0.16599
-0.059896,-0.048304,-0.032726,-0.012433,0.013337,0.045367,0.084451,0.13139,0.18696,0.25187,0.32662,0.4111,0.5039,0.60107,0.69465,0.77213,0.81908,0.82596,0.79429,0.73545,0.66365,0.58997,0.52081,-0.058322,-0.047014,-0.031919,-0.012378,0.012287,0.042754,0.079677,0.12367,0.17528,0.23487,0.30251,0.37762,0.45837,0.54091,0.61852,0.68172,0.72045,0.72839,0.70646,0.6622,0.60565,0.54535,0.4869,-0.056187,-0.045238,-0.030751,-0.01215,0.011147,0.039693,0.073995,0.11447,0.16142,0.21492,0.27465,0.3397,0.40808,0.47628,0.539,0.58945,0.62101,0.62968,0.61598,0.58461,0.54224,0.49507,0.44763,-0.053603,-0.043077,-0.029298,-0.011773,0.0099716,0.036371,0.067783,0.10446,0.14647,0.19367,0.24551,0.30088,0.35787,0.41352,0.46379,0.504,0.52987,0.53891,0.53138,0.51016,0.47951,0.44377,0.40642,-0.050694,-0.040643,-0.027641,-0.011282,0.00881,0.032956,0.061386,0.094206,0.13134,0.17247,0.21694,0.26363,0.31081,0.3561,0.39652,0.42888,0.4504,0.45951,0.45633,0.44259,0.42101,0.39455,0.36578,-0.047578,-0.038041,-0.025859,-0.010708,0.0076998,0.029588,0.055083,0.084183,0.11671,0.15227,0.19018,0.22937,0.26841,0.30542,0.33824,0.36466,0.38286,0.39182,0.39157,0.38316,0.36835,0.34911,0.32732,-0.044363,-0.035366,-0.024024,-0.010083,0.006667,0.02637,0.049076,0.074709,0.10304,0.13364,0.16586,0.19877,0.23118,0.26165,0.2886,0.3105,0.32613,0.33478,0.33646,0.33179,0.32191,0.30817,0.29189,-0.041142,-0.032698,-0.022193,-0.0094338,0.005727,0.023372,0.043494,0.065977,0.090565,0.11685,0.14423,0.17193,0.19899,0.2243,0.24671,0.26513,0.2787,0.28696,0.28985,0.28777,0.28146,0.27183,0.25983,-0.037987,-0.030098,-0.02041,-0.0087816,0.0048863,0.02063,0.038408,0.058079,0.079392,0.10197,0.12528,0.14869,0.17143,0.19265,0.21149,0.22717,0.23909,0.24688,0.25051,0.2502,0.24645,0.23988,0.23117,-0.034952,-0.02761,-0.018708,-0.008143,0.0041447,0.01816,0.033839,0.051036,0.069511,0.088927,0.10884,0.12872,0.14796,0.1659,0.18191,0.1954,0.20594,0.21325,0.21727,0.21817,0.21624,0.21194,0.20573,-0.032076,-0.025265,-0.017107,-0.0075298,0.0034976,0.015959,0.02978,0.044817,0.060852,0.077592,0.094666,0.11164,0.12803,0.14333,0.15705,0.16876,0.17812,0.18494,0.18914,0.19083,0.1902,0.18756,0.18326,-0.029381,-0.02308,-0.015618,-0.0069495,0.0029377,0.014014,0.026201,0.039365,0.053311,0.067787,0.082486,0.097054,0.11111,0.12425,0.1361,0.14634,0.15471,0.16103,0.16527,0.16746,0.16774,0.16632,0.16346
-0.04115,-0.029056,-0.013469,0.0061694,0.030426,0.059864,0.095021,0.13639,0.18435,0.2391,0.30051,0.36776,0.43894,0.51044,0.57653,0.62965,0.66226,0.66974,0.65276,0.6168,0.56943,0.51757,0.46608,-0.04023,-0.028456,-0.013358,0.0055683,0.028829,0.056909,0.090249,0.12921,0.17404,0.22475,0.28099,0.34178,0.4052,0.46793,0.52514,0.57085,0.59934,0.60725,0.59499,0.56655,0.52769,0.48392,0.43941,-0.038941,-0.027572,-0.013092,0.0049426,0.026963,0.053366,0.084486,0.12056,0.16166,0.20765,0.25801,0.31166,0.36673,0.42035,0.46862,0.50706,0.53155,0.53974,0.53189,0.51072,0.48035,0.44494,0.40789,-0.037348,-0.026455,-0.012692,0.0043167,0.024926,0.049441,0.078093,0.111,0.14811,0.18914,0.23347,0.28,0.32705,0.3722,0.41243,0.44446,0.46544,0.47375,0.46952,0.45457,0.43172,0.40401,0.37408,-0.035526,-0.025162,-0.012186,0.0037109,0.022808,0.045328,0.071409,0.10107,0.13416,0.17032,0.20889,0.24883,0.28866,0.32643,0.35986,0.38658,0.40463,0.41289,0.41144,0.40142,0.38477,0.36363,0.34002,-0.033546,-0.023748,-0.011601,0.0031408,0.02069,0.041196,0.064721,0.091212,0.12046,0.15206,0.18537,0.21945,0.25306,0.28465,0.31251,0.33495,0.35059,0.35868,0.35921,0.35295,0.34117,0.3254,0.30711,-0.031477,-0.022266,-0.010966,0.002617,0.018634,0.037176,0.058249,0.08175,0.10744,0.13491,0.16357,0.1926,0.22096,0.24747,0.27084,0.28985,0.30353,0.31133,0.31325,0.30975,0.3017,0.29016,0.27622,-0.029377,-0.020761,-0.010302,0.0021452,0.016685,0.033362,0.052143,0.072897,0.095375,0.11919,0.14381,0.16855,0.19257,0.21494,0.23469,0.25094,0.26299,0.27045,0.27328,0.27178,0.26653,0.25828,0.24781,-0.027296,-0.019271,-0.0096321,0.0017274,0.014873,0.029816,0.046497,0.064773,0.084402,0.10503,0.1262,0.14733,0.16776,0.18675,0.20358,0.2176,0.22829,0.23536,0.23875,0.23867,0.2355,0.22976,0.22204,-0.025272,-0.017824,-0.0089708,0.0013629,0.013214,0.026569,0.041354,0.057426,0.074558,0.09244,0.11067,0.12879,0.14624,0.16248,0.17693,0.18912,0.19865,0.2053,0.20902,0.20993,0.20828,0.20445,0.19886,-0.023333,-0.016441,-0.0083304,0.0010486,0.011711,0.023629,0.036723,0.050853,0.065815,0.081339,0.097091,0.11268,0.12768,0.14165,0.15415,0.16482,0.17335,0.17958,0.18345,0.18502,0.18449,0.1821,0.17816,-0.021498,-0.015135,-0.0077191,0.00078038,0.010364,0.020993,0.032589,0.04502,0.058106,0.071615,0.085267,0.098744,0.1117,0.12379,0.13468,0.14407,0.15174,0.15755,0.16144,0.16345,0.16371,0.1624,0.15974
-0.025794,-0.013633,0.0015558,0.020188,0.042674,0.069395,0.10068,0.13679,0.17782,0.22366,0.27382,0.32727,0.38216,0.43561,0.48366,0.52175,0.54569,0.55307,0.54418,0.52183,0.49023,0.45364,0.41552,-0.025346,-0.013512,0.0012077,0.019191,0.040801,0.066367,0.096155,0.13034,0.16893,0.21173,0.25818,0.30722,0.35708,0.40517,0.4481,0.48211,0.50383,0.51135,0.50489,0.48661,0.45989,0.42824,0.39465,-0.024674,-0.013256,0.00087033,0.018037,0.038552,0.062682,0.090622,0.12246,0.15813,0.19734,0.23948,0.28348,0.32773,0.36999,0.40746,0.43716,0.45654,0.46415,0.46011,0.44602,0.42444,0.39813,0.36954,-0.023814,-0.012883,0.0005532,0.016776,0.036038,0.058541,0.084408,0.11365,0.14614,0.1815,0.21911,0.25796,0.2966,0.33315,0.36539,0.39104,0.4082,0.4158,0.4139,0.40364,0.38687,0.3657,0.34208,-0.022803,-0.012413,0.00026328,0.015459,0.033371,0.05414,0.077828,0.10439,0.13362,0.16514,0.19831,0.23222,0.26562,0.29696,0.32452,0.34658,0.36175,0.36924,0.36909,0.36205,0.34947,0.3329,0.31384,-0.021683,-0.011871,5.0884e-06,0.01413,0.03065,0.049655,0.071155,0.095055,0.12113,0.14898,0.17801,0.2074,0.23611,0.2629,0.28643,0.30542,0.31886,0.32616,0.32733,0.32289,0.31377,0.3011,0.28603,-0.020491,-0.011277,-0.0002192,0.012825,0.027959,0.045229,0.064607,0.085969,0.10907,0.13353,0.15882,0.18421,0.20885,0.23175,0.25188,0.2683,0.28024,0.2873,0.28943,0.28699,0.28062,0.27115,0.25945,-0.019263,-0.010653,-0.0004094,0.011573,0.025362,0.040972,0.058346,0.077346,0.09773,0.11914,0.14111,0.16303,0.18419,0.20381,0.22112,0.23538,0.24604,0.25279,0.25558,0.25465,0.25043,0.24353,0.23459,-0.018028,-0.010015,-0.00056689,0.010394,0.022905,0.036958,0.052479,0.069323,0.087263,0.10598,0.12505,0.14399,0.1622,0.17909,0.19403,0.2065,0.21606,0.22247,0.22568,0.22585,0.22328,0.21841,0.2117,-0.01681,-0.00938,-0.00069406,0.0092992,0.020617,0.033232,0.047064,0.061972,0.077743,0.094096,0.11068,0.12706,0.1428,0.15739,0.17037,0.18132,0.18992,0.19598,0.19944,0.2004,0.19907,0.19577,0.19085,-0.015629,-0.008758,-0.00079395,0.0082954,0.018511,0.029817,0.042128,0.055312,0.069177,0.083478,0.097915,0.11214,0.12579,0.13846,0.14979,0.15947,0.16722,0.17291,0.17649,0.178,0.1776,0.17551,0.172,-0.014498,-0.0081579,-0.0008699,0.0073839,0.016594,0.026716,0.03767,0.049331,0.061531,0.074059,0.08666,0.099053,0.11093,0.12199,0.13194,0.14052,0.14754,0.15286,0.15645,0.15834,0.15862,0.15746,0.15505
